80,60
-1,-1,-1,-1,-1,-1,-1,-1,-1,-1,-1,-1,-1,-1,-1,-1,-1,-1,-1,-1,-1,-1,-1,-1,-1,-1,-1,-1,-1,-1,-1,-1,-1,-1,-1,-1,-1,-1,-1,-1,-1,-1,-1,-1,-1,-1,-1,-1,-1,-1,-1,-1,-1,-1,-1,-1,-1,-1,-1,-1,-1,-1,-1,-1,-1,-1,-1,-1,-1,-1,-1,-1,-1,-1,-1,-1,-1,-1,-1,-1,-1,-1,-1,-1,-1,-1,-1,-1,-1,-1,-1,-1,-1,-1,-1,-1,-1,-1,-1,-1,-1,-1,-1,-1,-1,-1,-1,-1,-1,-1,-1,-1,-1,-1,-1,-1,-1,-1,-1,-1,-1,-1,-1,-1,-1,-1,-1,-1,-1,-1,-1,-1,-1,-1,-1,-1,-1,-1,-1,-1,-1,-1,-1,-1,-1,-1,-1,-1,-1,-1,-1,-1,-1,-1,-1,-1,-1,-1,-1,-1,-1
-1,1001,1002,1003,-1,97,96,95,94,93,92,91,90,89,88,87,86,85,84,83,82,81,-1,87,86,85,84,83,82,81,82,83,84,85,86,87,88,89,90,91,92,93,94,95,96,97,-1,139,138,137,136,135,134,133,132,131,130,129,128,127,126,125,126,127,128,129,130,131,132,133,-1,299,298,297,-1,0,-1,0,0,0,0,0,0,0,0,0,0,0,0,0,0,0,0,0,0,0,0,0,0,0,0,0,0,0,-1,0,0,0,0,0,0,0,0,0,0,0,-1,0,0,0,0,0,0,0,-1,0,0,0,0,0,0,0,0,0,0,0,0,0,0,0,0,0,-1,0,0,0,-1,0,0,0,0,0,0,0,0,0,0,0,0,0,-1
-1,2,-1,1004,-1,98,-1,-1,-1,-1,-1,-1,-1,-1,-1,88,-1,-1,-1,-1,-1,80,-1,-1,-1,86,-1,-1,-1,80,-1,-1,-1,86,-1,-1,-1,-1,-1,-1,-1,94,-1,-1,-1,98,-1,-1,-1,-1,-1,-1,-1,-1,-1,132,-1,-1,-1,-1,-1,124,-1,-1,-1,130,-1,-1,-1,-1,-1,-1,-1,296,-1,0,-1,-1,-1,-1,-1,-1,-1,-1,-1,0,-1,-1,-1,0,-1,-1,-1,-1,-1,-1,-1,0,-1,-1,-1,-1,-1,0,-1,0,-1,-1,-1,0,-1,-1,-1,-1,-1,0,-1,-1,-1,0,-1,-1,-1,0,-1,-1,-1,0,-1,-1,-1,-1,-1,0,-1,-1,-1,0,-1,-1,-1,-1,-1,0,-1,0,-1,0,-1,-1,-1,-1,-1,-1,-1,0,-1,-1,-1,0,-1
-1,3,-1,1005,-1,99,-1,37,36,35,34,33,32,31,-1,89,-1,35,36,37,-1,79,80,81,-1,87,88,89,-1,79,-1,89,-1,87,-1,225,226,227,-1,97,96,95,-1,221,-1,99,100,101,102,103,104,105,106,107,-1,133,-1,127,126,125,124,123,-1,309,-1,131,-1,317,316,315,-1,297,296,295,-1,0,0,0,0,0,0,0,0,0,-1,0,-1,0,-1,0,0,0,-1,0,0,0,-1,0,0,0,0,0,-1,0,-1,0,-1,0,0,0,-1,0,0,0,-1,0,0,0,0,0,-1,0,-1,0,0,0,-1,0,-1,0,0,0,-1,0,0,0,-1,0,-1,0,0,0,0,0,-1,0,-1,0,-1,0,0,0,0,0,-1,0,-1,0,-1,0,-1
-1,4,-1,1006,-1,100,-1,-1,-1,-1,-1,-1,-1,30,-1,-1,-1,34,-1,38,-1,78,-1,-1,-1,88,-1,-1,-1,78,-1,88,-1,-1,-1,224,-1,-1,-1,98,-1,-1,-1,220,-1,-1,-1,102,-1,-1,-1,-1,-1,-1,-1,134,-1,-1,-1,-1,-1,122,-1,308,-1,-1,-1,-1,-1,314,-1,-1,-1,294,-1,0,-1,-1,-1,-1,-1,0,-1,0,-1,-1,-1,0,-1,0,-1,-1,-1,-1,-1,0,-1,-1,-1,0,-1,-1,-1,0,-1,0,-1,-1,-1,-1,-1,0,-1,-1,-1,-1,-1,0,-1,-1,-1,0,-1,-1,-1,0,-1,0,-1,-1,-1,0,-1,-1,-1,-1,-1,0,-1,0,-1,-1,-1,-1,-1,-1,-1,0,-1,-1,-1,0,-1,-1,-1,-1,-1,0,-1,0,-1
-1,5,-1,1007,-1,101,-1,107,108,109,110,111,-1,1029,1030,1031,1032,1033,-1,39,-1,77,76,75,-1,89,-1,79,78,77,-1,87,86,85,-1,223,-1,101,100,99,-1,221,220,219,218,217,-1,103,104,105,106,107,-1,137,136,135,136,137,138,139,-1,121,-1,307,308,309,310,311,312,313,314,315,-1,293,-1,0,-1,285,284,283,-1,0,-1,0,0,0,0,0,-1,0,-1,0,0,0,0,0,0,0,-1,0,-1,0,0,0,-1,0,0,0,0,0,0,0,0,0,-1,0,-1,0,-1,0,0,0,0,0,-1,0,-1,0,0,0,-1,0,0,0,0,0,0,0,0,0,-1,0,0,0,0,0,-1,0,0,0,0,0,-1,0,0,0,0,0,-1,0,-1
-1,6,-1,1008,-1,102,-1,106,-1,-1,-1,-1,-1,1028,-1,-1,-1,1034,-1,40,-1,-1,-1,74,-1,90,-1,-1,-1,76,-1,-1,-1,84,-1,222,-1,-1,-1,100,-1,-1,-1,-1,-1,216,-1,-1,-1,-1,-1,108,-1,-1,-1,-1,-1,-1,-1,-1,-1,120,-1,306,-1,310,-1,-1,-1,-1,-1,-1,-1,292,-1,-1,-1,286,-1,282,-1,0,-1,-1,-1,0,-1,-1,-1,0,-1,-1,-1,-1,-1,-1,-1,0,-1,0,-1,0,-1,-1,-1,0,-1,-1,-1,-1,-1,-1,-1,-1,-1,0,-1,0,-1,0,-1,-1,-1,0,-1,-1,-1,0,-1,-1,-1,0,-1,-1,-1,0,-1,-1,-1,0,-1,-1,-1,0,-1,-1,-1,-1,-1,0,-1,-1,-1,0,-1,-1,-1,-1,-1,0,-1
-1,7,-1,1009,-1,103,104,105,-1,1023,1024,1025,1026,1027,-1,41,-1,1035,-1,41,42,43,-1,73,-1,91,92,93,-1,75,-1,85,84,83,-1,221,220,219,-1,101,102,103,104,105,-1,215,216,217,218,219,-1,109,110,111,112,113,114,115,116,117,118,119,-1,305,-1,311,-1,301,-1,295,294,293,292,291,290,289,288,287,-1,281,-1,0,0,0,-1,0,-1,0,0,0,0,0,0,0,0,0,-1,0,-1,0,-1,0,-1,0,0,0,-1,0,0,0,0,0,0,0,0,0,0,0,-1,0,-1,0,-1,0,0,0,0,0,-1,0,0,0,-1,0,-1,0,-1,0,-1,0,0,0,-1,0,0,0,0,0,0,0,-1,0,0,0,-1,0,0,0,0,0,-1
-1,8,-1,1010,-1,104,-1,-1,-1,1022,-1,-1,-1,-1,-1,40,-1,1036,-1,-1,-1,44,-1,72,-1,-1,-1,-1,-1,74,-1,-1,-1,82,-1,-1,-1,218,-1,-1,-1,-1,-1,106,-1,214,-1,218,-1,-1,-1,-1,-1,-1,-1,114,-1,-1,-1,118,-1,-1,-1,304,-1,-1,-1,300,-1,-1,-1,294,-1,-1,-1,-1,-1,288,-1,280,-1,0,-1,0,-1,0,-1,0,-1,-1,-1,-1,-1,-1,-1,-1,-1,0,-1,-1,-1,0,-1,-1,-1,0,-1,-1,-1,-1,-1,-1,-1,0,-1,-1,-1,0,-1,0,-1,0,-1,-1,-1,-1,-1,0,-1,-1,-1,0,-1,0,-1,-1,-1,0,-1,-1,-1,0,-1,0,-1,-1,-1,-1,-1,-1,-1,0,-1,-1,-1,0,-1,-1,-1,0,-1
-1,9,-1,1011,-1,105,-1,1019,1020,1021,-1,51,50,49,-1,1039,1038,1037,-1,51,-1,45,-1,71,70,69,70,71,72,73,74,75,-1,81,-1,219,218,217,-1,219,-1,109,108,107,-1,213,-1,219,-1,217,218,219,220,221,-1,115,-1,121,-1,119,-1,305,304,303,302,301,300,299,298,297,296,295,-1,285,284,283,-1,289,-1,279,-1,0,-1,0,-1,0,-1,0,-1,0,0,0,0,0,0,0,0,0,0,0,0,0,-1,0,-1,0,0,0,0,0,0,0,-1,0,0,0,-1,0,-1,0,0,0,0,0,0,0,-1,0,0,0,-1,0,-1,0,0,0,0,0,0,0,-1,0,-1,0,-1,0,0,0,0,0,0,0,-1,0,0,0,-1,0,-1,0,-1
-1,-1,-1,1012,-1,-1,-1,1018,-1,22,-1,-1,-1,48,-1,1040,-1,-1,-1,50,-1,46,-1,-1,-1,68,-1,-1,-1,-1,-1,76,-1,80,-1,-1,-1,216,-1,218,-1,-1,-1,108,-1,212,-1,220,-1,216,-1,-1,-1,-1,-1,116,-1,120,-1,120,-1,306,-1,-1,-1,-1,-1,-1,-1,-1,-1,296,-1,-1,-1,282,-1,-1,-1,278,-1,0,-1,-1,-1,-1,-1,0,-1,-1,-1,-1,-1,-1,-1,0,-1,-1,-1,0,-1,0,-1,0,-1,0,-1,-1,-1,-1,-1,-1,-1,0,-1,-1,-1,-1,-1,0,-1,-1,-1,-1,-1,-1,-1,-1,-1,-1,-1,-1,-1,-1,-1,0,-1,-1,-1,0,-1,0,-1,-1,-1,0,-1,-1,-1,-1,-1,0,-1,0,-1,-1,-1,0,-1,0,-1
-1,15,14,1013,1014,1015,1016,1017,-1,23,-1,33,-1,47,-1,1041,-1,51,50,49,48,47,48,49,-1,67,-1,197,196,195,-1,77,78,79,80,81,-1,215,-1,217,218,219,-1,109,-1,211,-1,221,-1,215,-1,121,120,119,118,117,118,119,-1,121,-1,307,-1,317,318,319,320,321,322,323,-1,297,-1,303,-1,281,280,279,278,277,-1,0,0,0,0,0,0,0,0,0,0,0,0,0,-1,0,-1,0,-1,0,-1,0,-1,0,-1,0,-1,0,0,0,0,0,0,0,-1,0,0,0,0,0,-1,0,0,0,0,0,0,0,0,0,0,0,0,0,0,0,-1,0,-1,0,-1,0,0,0,0,0,-1,0,0,0,-1,0,-1,0,0,0,0,0,-1,0,-1
-1,-1,-1,14,-1,-1,-1,-1,-1,24,-1,32,-1,46,-1,1042,-1,-1,-1,-1,-1,48,-1,-1,-1,66,-1,-1,-1,194,-1,-1,-1,-1,-1,82,-1,214,-1,216,-1,-1,-1,110,-1,210,-1,222,-1,214,-1,122,-1,-1,-1,-1,-1,120,-1,122,-1,308,-1,316,-1,-1,-1,-1,-1,-1,-1,298,-1,302,-1,-1,-1,-1,-1,276,-1,-1,-1,-1,-1,-1,-1,-1,-1,0,-1,-1,-1,-1,-1,0,-1,0,-1,0,-1,0,-1,0,-1,0,-1,-1,-1,-1,-1,-1,-1,0,-1,-1,-1,-1,-1,0,-1,-1,-1,-1,-1,0,-1,-1,-1,-1,-1,0,-1,-1,-1,0,-1,0,-1,0,-1,0,-1,-1,-1,0,-1,0,-1,-1,-1,0,-1,-1,-1,-1,-1,-1,-1,0,-1
-1,17,16,15,-1,29,28,27,26,25,-1,31,-1,45,44,1043,1044,1045,46,47,-1,49,-1,59,-1,65,64,63,-1,193,194,195,196,197,-1,83,-1,213,214,215,-1,117,-1,111,-1,209,-1,223,-1,213,-1,123,-1,133,132,131,-1,121,-1,123,-1,309,-1,315,-1,305,304,303,302,301,300,299,300,301,-1,255,256,257,-1,275,276,277,278,279,280,281,282,283,-1,0,-1,0,0,0,0,0,0,0,-1,0,-1,0,-1,0,-1,0,0,0,0,0,0,0,-1,0,-1,0,0,0,-1,0,0,0,-1,0,-1,0,-1,499,0,0,-1,0,-1,0,-1,0,-1,0,-1,0,-1,0,-1,0,-1,0,-1,0,-1,0,0,0,0,0,0,0,-1,0,0,0,-1
-1,-1,-1,16,-1,-1,-1,-1,-1,26,-1,30,-1,-1,-1,-1,-1,1046,-1,-1,-1,50,-1,58,-1,-1,-1,62,-1,192,-1,-1,-1,198,-1,84,-1,212,-1,-1,-1,116,-1,112,-1,208,-1,-1,-1,212,-1,124,-1,-1,-1,130,-1,-1,-1,124,-1,310,-1,314,-1,306,-1,-1,-1,-1,-1,300,-1,-1,-1,254,-1,-1,-1,274,-1,-1,-1,-1,-1,282,-1,-1,-1,0,-1,-1,-1,-1,-1,-1,-1,-1,-1,0,-1,0,-1,0,-1,-1,-1,-1,-1,-1,-1,-1,-1,0,-1,-1,-1,0,-1,-1,-1,-1,-1,0,-1,0,-1,498,-1,0,-1,0,-1,0,-1,0,-1,0,-1,-1,-1,0,-1,0,-1,0,-1,0,-1,-1,-1,0,-1,-1,-1,0,-1,0,-1,0,-1
-1,127,-1,17,18,19,20,21,-1,27,-1,29,30,31,-1,49,48,1047,-1,53,52,51,-1,1057,1058,1059,60,61,-1,191,192,193,-1,199,-1,85,-1,211,-1,117,116,115,114,113,-1,207,208,209,210,211,-1,125,126,127,-1,129,128,127,126,125,-1,311,312,313,-1,307,-1,305,304,303,302,301,-1,251,252,253,-1,275,274,273,-1,0,0,0,-1,283,-1,0,0,0,0,0,-1,0,0,0,0,0,0,0,-1,0,-1,0,0,0,0,0,0,0,0,0,0,0,0,0,0,0,0,0,0,0,0,0,0,0,-1,497,-1,0,-1,0,-1,0,-1,0,-1,0,0,0,0,0,-1,0,-1,0,-1,0,-1,0,-1,0,0,0,-1,0,-1,0,-1,0,-1
-1,126,-1,-1,-1,-1,-1,22,-1,-1,-1,28,-1,32,-1,-1,-1,1048,-1,-1,-1,-1,-1,1056,-1,1060,-1,-1,-1,190,-1,-1,-1,200,-1,86,-1,210,-1,-1,-1,116,-1,-1,-1,206,-1,-1,-1,212,-1,126,-1,-1,-1,-1,-1,128,-1,-1,-1,-1,-1,-1,-1,-1,-1,-1,-1,-1,-1,-1,-1,250,-1,-1,-1,-1,-1,272,-1,-1,-1,0,-1,-1,-1,-1,-1,-1,-1,-1,-1,0,-1,-1,-1,-1,-1,-1,-1,0,-1,0,-1,0,-1,-1,-1,-1,-1,-1,-1,0,-1,-1,-1,0,-1,-1,-1,-1,-1,-1,-1,-1,-1,496,-1,0,-1,-1,-1,0,-1,-1,-1,0,-1,0,-1,-1,-1,0,-1,-1,-1,0,-1,0,-1,-1,-1,0,-1,-1,-1,0,-1,0,-1
-1,125,-1,27,26,25,24,23,24,25,26,27,-1,33,34,35,-1,1049,1050,1051,1052,1053,1054,1055,-1,1061,-1,191,190,189,-1,203,202,201,-1,87,-1,209,208,207,-1,117,-1,203,204,205,206,207,-1,213,-1,127,-1,153,152,151,-1,129,130,131,132,133,134,135,136,137,-1,243,244,245,246,247,248,249,-1,275,274,273,272,271,270,269,-1,0,0,0,0,0,-1,0,0,0,0,0,0,0,-1,0,-1,0,0,0,-1,0,-1,0,-1,0,0,0,0,0,-1,0,-1,0,-1,0,0,0,0,0,-1,491,492,493,-1,495,-1,0,0,0,0,0,0,0,-1,0,-1,0,-1,0,0,0,0,0,0,0,0,0,0,0,-1,0,0,0,-1,0,-1,0,-1
-1,124,-1,-1,-1,-1,-1,24,-1,-1,-1,-1,-1,-1,-1,-1,-1,-1,-1,52,-1,-1,-1,-1,-1,1062,-1,-1,-1,188,-1,-1,-1,202,-1,-1,-1,-1,-1,206,-1,-1,-1,202,-1,-1,-1,-1,-1,-1,-1,128,-1,-1,-1,150,-1,-1,-1,-1,-1,134,-1,-1,-1,138,-1,242,-1,-1,-1,248,-1,250,-1,276,-1,-1,-1,-1,-1,268,-1,-1,-1,-1,-1,0,-1,-1,-1,0,-1,-1,-1,0,-1,0,-1,0,-1,0,-1,0,-1,-1,-1,0,-1,0,-1,-1,-1,0,-1,0,-1,-1,-1,-1,-1,0,-1,490,-1,-1,-1,494,-1,0,-1,-1,-1,0,-1,-1,-1,0,-1,0,-1,-1,-1,0,-1,-1,-1,-1,-1,-1,-1,-1,-1,-1,-1,0,-1,0,-1,0,-1
-1,123,-1,97,96,95,-1,25,-1,91,92,93,94,95,-1,93,92,91,-1,53,-1,67,66,1065,1064,1063,64,65,-1,187,186,185,-1,203,-1,189,-1,195,-1,205,204,203,202,201,-1,147,146,145,-1,131,130,129,130,131,-1,149,150,151,152,153,-1,135,-1,245,-1,139,-1,241,-1,259,-1,249,-1,251,-1,277,-1,283,-1,269,268,267,268,269,270,271,-1,0,0,0,0,0,-1,0,-1,0,-1,0,-1,0,-1,0,-1,0,-1,0,0,0,-1,0,-1,0,0,0,-1,493,0,0,0,0,-1,0,-1,489,490,491,492,493,-1,0,0,0,-1,0,-1,0,0,0,-1,0,0,0,-1,0,-1,0,0,0,0,0,0,0,0,0,-1,0,-1,0,-1,0,-1
-1,122,-1,-1,-1,94,-1,26,-1,90,-1,-1,-1,-1,-1,-1,-1,90,-1,54,-1,-1,-1,1066,-1,-1,-1,66,-1,-1,-1,184,-1,-1,-1,188,-1,194,-1,-1,-1,-1,-1,200,-1,-1,-1,144,-1,-1,-1,130,-1,132,-1,148,-1,-1,-1,154,-1,136,-1,244,-1,140,-1,240,-1,258,-1,-1,-1,252,-1,278,-1,282,-1,-1,-1,266,-1,-1,-1,272,-1,0,-1,-1,-1,0,-1,0,-1,-1,-1,0,-1,-1,-1,-1,-1,0,-1,0,-1,0,-1,0,-1,0,-1,-1,-1,492,-1,-1,-1,-1,-1,0,-1,488,-1,-1,-1,-1,-1,0,-1,-1,-1,0,-1,-1,-1,0,-1,-1,-1,0,-1,0,-1,0,-1,-1,-1,-1,-1,-1,-1,0,-1,-1,-1,0,-1,0,-1
-1,121,120,119,-1,93,-1,27,-1,89,88,87,86,85,86,87,88,89,-1,55,56,57,-1,1067,-1,85,-1,67,68,69,-1,183,184,185,186,187,-1,193,194,195,196,197,198,199,200,201,-1,143,144,145,-1,131,-1,133,-1,147,-1,145,-1,155,-1,137,-1,243,-1,141,-1,239,-1,257,256,255,254,253,-1,279,280,281,282,283,-1,265,-1,267,-1,273,-1,0,-1,449,-1,0,0,0,0,0,0,0,0,0,0,0,0,0,-1,0,-1,0,-1,0,-1,491,490,489,-1,491,-1,0,0,0,-1,0,-1,487,-1,0,0,0,-1,0,-1,0,0,0,0,0,-1,0,-1,0,-1,0,-1,0,-1,0,-1,0,-1,0,0,0,0,0,0,0,0,0,-1,0,-1
-1,122,-1,118,-1,92,-1,-1,-1,-1,-1,-1,-1,84,-1,-1,-1,90,-1,56,-1,-1,-1,1068,-1,84,-1,-1,-1,70,-1,182,-1,-1,-1,188,-1,192,-1,-1,-1,198,-1,-1,-1,-1,-1,142,-1,146,-1,132,-1,-1,-1,146,-1,144,-1,-1,-1,138,-1,242,-1,-1,-1,238,-1,-1,-1,-1,-1,254,-1,-1,-1,-1,-1,-1,-1,264,-1,266,-1,274,-1,-1,-1,448,-1,-1,-1,0,-1,0,-1,-1,-1,0,-1,-1,-1,-1,-1,0,-1,-1,-1,0,-1,-1,-1,488,-1,490,-1,-1,-1,0,-1,0,-1,486,-1,-1,-1,0,-1,0,-1,-1,-1,0,-1,-1,-1,0,-1,0,-1,-1,-1,0,-1,0,-1,0,-1,-1,-1,0,-1,-1,-1,0,-1,0,-1,-1,-1
-1,123,-1,117,-1,91,90,89,88,87,88,89,-1,83,-1,81,-1,91,-1,57,-1,71,70,1069,-1,83,82,81,-1,71,-1,181,180,179,-1,189,190,191,-1,173,-1,199,-1,145,146,147,-1,141,-1,147,-1,133,134,135,-1,145,144,143,142,141,140,139,-1,241,240,239,238,237,236,235,-1,257,256,255,256,257,258,259,260,261,262,263,264,265,-1,275,276,277,-1,447,448,449,-1,0,-1,0,-1,447,-1,0,-1,0,0,0,-1,0,-1,0,0,0,0,0,-1,487,-1,489,488,487,-1,0,0,0,-1,485,486,487,-1,0,0,0,0,0,-1,0,-1,0,0,0,0,0,0,0,0,0,-1,0,-1,0,0,0,-1,0,-1,0,-1,0,-1,0,0,0,-1
-1,-1,-1,116,-1,92,-1,-1,-1,86,-1,-1,-1,82,-1,80,-1,-1,-1,-1,-1,-1,-1,1070,-1,84,-1,80,-1,72,-1,-1,-1,178,-1,-1,-1,-1,-1,172,-1,-1,-1,144,-1,-1,-1,140,-1,-1,-1,134,-1,-1,-1,-1,-1,-1,-1,-1,-1,140,-1,-1,-1,-1,-1,-1,-1,234,-1,258,-1,-1,-1,-1,-1,-1,-1,262,-1,-1,-1,-1,-1,276,-1,-1,-1,446,-1,-1,-1,0,-1,-1,-1,446,-1,0,-1,-1,-1,0,-1,-1,-1,-1,-1,-1,-1,0,-1,486,-1,490,-1,486,-1,-1,-1,-1,-1,484,-1,-1,-1,-1,-1,-1,-1,-1,-1,0,-1,0,-1,-1,-1,-1,-1,0,-1,-1,-1,0,-1,-1,-1,0,-1,0,-1,0,-1,0,-1,-1,-1,0,-1
-1,113,114,115,-1,93,-1,107,-1,85,84,83,82,81,80,79,78,77,76,75,74,73,72,1071,-1,85,-1,79,-1,73,74,75,-1,177,178,179,180,181,-1,171,172,173,-1,143,142,141,140,139,138,137,136,135,-1,173,172,171,170,169,-1,167,-1,141,142,143,144,145,146,147,-1,233,-1,259,-1,233,-1,275,276,277,-1,263,-1,281,280,279,278,277,-1,283,-1,445,-1,0,0,0,0,0,-1,445,-1,0,0,0,0,0,0,0,0,0,0,0,0,0,-1,485,-1,491,-1,485,484,483,482,481,482,483,484,485,486,487,488,489,490,491,-1,0,0,0,-1,0,0,0,-1,0,0,0,0,0,0,0,-1,0,-1,0,0,0,-1,0,-1,0,-1,0,-1
-1,112,-1,-1,-1,94,-1,106,-1,-1,-1,84,-1,-1,-1,-1,-1,-1,-1,76,-1,-1,-1,1072,-1,-1,-1,78,-1,-1,-1,76,-1,176,-1,-1,-1,182,-1,170,-1,174,-1,-1,-1,-1,-1,-1,-1,138,-1,-1,-1,-1,-1,-1,-1,168,-1,166,-1,-1,-1,-1,-1,-1,-1,148,-1,232,-1,-1,-1,232,-1,274,-1,278,-1,264,-1,282,-1,-1,-1,278,-1,282,-1,444,-1,-1,-1,-1,-1,-1,-1,444,-1,-1,-1,-1,-1,0,-1,-1,-1,-1,-1,0,-1,-1,-1,484,-1,492,-1,-1,-1,-1,-1,480,-1,-1,-1,-1,-1,-1,-1,-1,-1,492,-1,-1,-1,-1,-1,0,-1,0,-1,0,-1,-1,-1,-1,-1,-1,-1,0,-1,-1,-1,0,-1,-1,-1,0,-1,-1,-1
-1,111,-1,97,96,95,-1,105,104,103,-1,85,-1,99,100,101,102,103,-1,77,78,79,-1,1073,74,75,76,77,-1,79,78,77,-1,175,176,177,-1,183,-1,169,-1,175,176,177,178,179,180,181,-1,139,-1,189,190,191,192,193,-1,167,166,165,-1,155,154,153,152,151,150,149,-1,231,230,229,230,231,-1,273,-1,279,-1,265,-1,283,-1,457,-1,279,280,281,-1,443,442,441,440,439,440,441,442,443,444,445,446,447,-1,0,0,0,0,0,-1,0,-1,481,482,483,-1,493,494,495,496,497,-1,479,-1,0,0,511,510,509,510,511,-1,493,494,495,-1,0,0,0,-1,0,-1,0,-1,0,0,0,0,533,-1,0,0,537,-1,0,0,0,0,0,0,0,-1
-1,110,-1,98,-1,96,-1,-1,-1,102,-1,-1,-1,98,-1,-1,-1,104,-1,-1,-1,-1,-1,1074,-1,-1,-1,-1,-1,-1,-1,78,-1,174,-1,-1,-1,184,-1,168,-1,-1,-1,-1,-1,-1,-1,182,-1,-1,-1,188,-1,-1,-1,194,-1,-1,-1,164,-1,-1,-1,-1,-1,-1,-1,150,-1,-1,-1,228,-1,-1,-1,272,-1,-1,-1,266,-1,284,-1,456,-1,-1,-1,282,-1,444,-1,-1,-1,438,-1,-1,-1,444,-1,-1,-1,-1,-1,0,-1,-1,-1,-1,-1,0,-1,480,-1,-1,-1,-1,-1,-1,-1,-1,-1,478,-1,-1,-1,-1,-1,508,-1,512,-1,-1,-1,496,-1,-1,-1,0,-1,0,-1,0,-1,-1,-1,-1,-1,532,-1,0,-1,536,-1,-1,-1,0,-1,-1,-1,0,-1
-1,109,-1,99,-1,97,98,99,-1,101,100,99,98,97,-1,107,106,105,106,107,-1,77,76,1075,-1,185,184,183,182,181,-1,79,-1,173,-1,187,186,185,-1,167,168,169,170,171,172,173,-1,183,184,185,186,187,-1,197,196,195,196,197,-1,163,162,161,160,159,160,161,-1,151,-1,157,-1,227,-1,273,272,271,270,269,268,267,-1,285,-1,455,-1,453,-1,283,-1,445,-1,439,438,437,-1,0,-1,445,-1,0,0,0,0,0,-1,0,0,0,0,0,-1,479,478,477,476,475,474,473,474,475,476,477,478,479,480,481,-1,507,-1,513,-1,499,498,497,498,499,-1,0,-1,0,-1,0,0,0,0,0,-1,531,-1,0,-1,535,536,537,-1,0,0,0,-1,0,-1
-1,108,-1,-1,-1,-1,-1,100,-1,-1,-1,100,-1,96,-1,-1,-1,106,-1,-1,-1,78,-1,1076,-1,186,-1,-1,-1,180,-1,80,-1,172,-1,-1,-1,-1,-1,166,-1,-1,-1,-1,-1,-1,-1,184,-1,-1,-1,-1,-1,-1,-1,-1,-1,198,-1,-1,-1,-1,-1,158,-1,-1,-1,152,-1,156,-1,226,-1,-1,-1,-1,-1,-1,-1,268,-1,286,-1,454,-1,452,-1,-1,-1,446,-1,-1,-1,436,-1,0,-1,-1,-1,0,-1,-1,-1,0,-1,-1,-1,0,-1,0,-1,-1,-1,478,-1,-1,-1,472,-1,-1,-1,-1,-1,-1,-1,-1,-1,506,-1,-1,-1,500,-1,-1,-1,500,-1,0,-1,-1,-1,0,-1,-1,-1,0,-1,530,-1,0,-1,534,-1,-1,-1,0,-1,-1,-1,0,-1
-1,107,106,105,104,103,102,101,102,103,-1,101,-1,95,94,93,-1,107,-1,85,-1,79,-1,1077,-1,187,188,189,-1,179,-1,81,-1,171,-1,169,168,167,166,165,-1,199,200,201,202,203,-1,185,-1,207,206,205,204,203,202,201,200,199,200,201,202,203,-1,157,156,155,154,153,154,155,-1,225,-1,231,230,229,230,231,-1,269,-1,287,-1,453,452,451,450,449,448,447,448,449,-1,435,-1,0,0,0,0,0,-1,0,0,0,0,0,-1,0,-1,0,0,0,-1,479,-1,0,-1,471,-1,0,0,511,510,509,508,507,506,505,504,503,502,501,-1,507,-1,501,-1,0,0,0,0,0,-1,525,-1,0,-1,529,-1,0,-1,533,-1,0,0,0,-1,0,0,0,-1
-1,108,-1,-1,-1,-1,-1,-1,-1,104,-1,-1,-1,-1,-1,92,-1,108,-1,84,-1,-1,-1,1078,-1,-1,-1,-1,-1,178,-1,82,-1,170,-1,-1,-1,-1,-1,164,-1,198,-1,-1,-1,204,-1,186,-1,-1,-1,206,-1,-1,-1,-1,-1,200,-1,-1,-1,204,-1,158,-1,-1,-1,-1,-1,156,-1,224,-1,232,-1,228,-1,-1,-1,270,-1,288,-1,-1,-1,-1,-1,-1,-1,-1,-1,-1,-1,434,-1,-1,-1,-1,-1,-1,-1,-1,-1,-1,-1,0,-1,0,-1,0,-1,-1,-1,480,-1,0,-1,470,-1,0,-1,-1,-1,-1,-1,-1,-1,506,-1,-1,-1,502,-1,506,-1,502,-1,-1,-1,-1,-1,0,-1,524,-1,-1,-1,528,-1,-1,-1,532,-1,-1,-1,0,-1,-1,-1,0,-1
-1,109,-1,127,128,129,130,131,-1,105,106,107,108,109,-1,91,-1,109,-1,1083,1082,1081,1080,1079,-1,181,180,179,178,177,-1,83,-1,169,170,171,172,173,-1,163,-1,197,196,195,-1,205,-1,187,188,189,-1,207,208,209,-1,199,-1,201,-1,203,-1,205,-1,159,-1,213,214,215,-1,157,-1,223,-1,233,-1,227,-1,273,272,271,-1,289,-1,283,-1,285,-1,311,310,309,310,311,-1,1433,1434,1435,1436,1437,1438,1439,1440,1441,1442,1443,-1,0,-1,0,-1,0,-1,483,482,481,-1,0,-1,469,-1,0,-1,473,-1,475,476,477,-1,507,508,509,-1,503,-1,505,504,503,504,505,-1,523,-1,0,-1,523,524,525,526,527,528,529,530,531,532,533,-1,0,0,0,-1,0,-1
-1,110,-1,126,-1,-1,-1,-1,-1,106,-1,-1,-1,-1,-1,90,-1,-1,-1,1084,-1,-1,-1,80,-1,-1,-1,-1,-1,176,-1,-1,-1,168,-1,-1,-1,-1,-1,162,-1,-1,-1,194,-1,-1,-1,188,-1,190,-1,-1,-1,-1,-1,198,-1,-1,-1,202,-1,206,-1,-1,-1,212,-1,216,-1,-1,-1,222,-1,-1,-1,226,-1,-1,-1,272,-1,290,-1,282,-1,284,-1,-1,-1,308,-1,-1,-1,1432,-1,-1,-1,-1,-1,-1,-1,-1,-1,1444,-1,0,-1,-1,-1,0,-1,-1,-1,-1,-1,0,-1,468,-1,-1,-1,472,-1,474,-1,-1,-1,508,-1,-1,-1,504,-1,-1,-1,-1,-1,506,-1,522,-1,-1,-1,522,-1,-1,-1,-1,-1,-1,-1,532,-1,534,-1,0,-1,-1,-1,0,-1
-1,111,-1,125,-1,111,110,109,108,107,-1,141,-1,147,-1,89,88,87,86,1085,-1,99,-1,81,-1,187,188,189,-1,175,-1,169,168,167,166,165,164,163,162,161,160,159,-1,193,192,191,190,189,-1,191,192,193,194,195,196,197,198,199,200,201,-1,207,208,209,210,211,-1,217,218,219,220,221,222,223,224,225,-1,231,-1,273,-1,291,-1,281,-1,283,-1,305,-1,307,-1,433,-1,1431,432,433,434,435,-1,453,452,451,-1,1445,-1,0,-1,457,-1,0,0,0,0,0,0,0,-1,467,468,469,470,471,472,473,-1,479,-1,509,-1,507,506,505,506,507,508,509,-1,507,-1,521,520,519,520,521,522,523,524,525,526,527,-1,533,-1,535,-1,0,-1,0,0,0,-1
-1,112,-1,124,-1,-1,-1,110,-1,-1,-1,140,-1,146,-1,90,-1,-1,-1,1086,-1,98,-1,-1,-1,186,-1,-1,-1,174,-1,-1,-1,168,-1,-1,-1,164,-1,-1,-1,158,-1,-1,-1,-1,-1,190,-1,-1,-1,-1,-1,-1,-1,-1,-1,-1,-1,202,-1,-1,-1,-1,-1,212,-1,-1,-1,-1,-1,222,-1,-1,-1,226,-1,230,-1,274,-1,-1,-1,280,-1,282,-1,304,-1,306,-1,432,-1,1430,-1,-1,-1,436,-1,-1,-1,450,-1,1446,-1,-1,-1,456,-1,0,-1,-1,-1,0,-1,-1,-1,466,-1,-1,-1,-1,-1,474,-1,478,-1,510,-1,-1,-1,506,-1,-1,-1,-1,-1,508,-1,522,-1,518,-1,-1,-1,-1,-1,526,-1,-1,-1,-1,-1,536,-1,-1,-1,0,-1,0,-1
-1,113,-1,123,124,125,-1,111,-1,137,-1,139,-1,145,-1,91,-1,145,-1,1087,-1,97,96,95,-1,185,-1,183,-1,173,172,171,170,169,-1,199,-1,165,166,167,-1,157,158,159,-1,193,192,191,-1,201,200,199,-1,285,284,283,282,281,-1,203,-1,281,-1,215,214,213,214,215,216,217,-1,223,224,225,-1,227,228,229,-1,275,276,277,278,279,280,281,-1,303,304,305,-1,431,-1,1429,-1,451,-1,437,438,439,-1,449,448,1447,1448,1449,-1,455,-1,0,-1,459,-1,0,-1,463,464,465,-1,0,0,0,-1,475,476,477,-1,511,512,513,-1,507,-1,521,520,519,-1,509,-1,523,-1,517,-1,531,530,529,-1,527,-1,533,534,535,-1,537,538,539,-1,0,-1,0,-1
-1,114,-1,122,-1,-1,-1,112,-1,136,-1,138,-1,144,-1,-1,-1,144,-1,1088,-1,-1,-1,94,-1,184,-1,182,-1,-1,-1,172,-1,-1,-1,198,-1,-1,-1,168,-1,156,-1,-1,-1,-1,-1,192,-1,-1,-1,198,-1,-1,-1,284,-1,280,-1,-1,-1,280,-1,-1,-1,-1,-1,216,-1,-1,-1,-1,-1,226,-1,-1,-1,230,-1,-1,-1,278,-1,-1,-1,282,-1,302,-1,-1,-1,430,-1,1428,-1,450,-1,-1,-1,-1,-1,-1,-1,-1,-1,1450,-1,454,-1,-1,-1,458,-1,-1,-1,462,-1,-1,-1,0,-1,-1,-1,-1,-1,-1,-1,512,-1,-1,-1,508,-1,522,-1,518,-1,510,-1,-1,-1,516,-1,-1,-1,528,-1,-1,-1,532,-1,-1,-1,538,-1,-1,-1,-1,-1,0,-1
-1,115,-1,121,-1,115,114,113,-1,135,-1,137,-1,143,142,141,142,143,-1,1089,90,91,92,93,-1,183,182,181,182,183,-1,173,-1,199,198,197,196,195,-1,169,-1,155,-1,157,158,159,-1,193,194,195,196,197,198,199,-1,285,-1,279,278,277,278,279,-1,221,220,219,218,217,-1,247,-1,249,-1,227,228,229,-1,231,232,233,-1,279,280,281,-1,283,-1,301,-1,431,430,429,-1,1427,-1,449,448,447,446,445,-1,443,442,441,-1,1451,1452,1453,454,455,456,457,458,459,460,461,-1,467,-1,0,0,0,0,0,0,0,-1,513,-1,511,510,509,-1,523,-1,517,-1,511,512,513,514,515,516,517,-1,527,-1,533,532,531,-1,0,-1,539,-1,0,0,0,0,0,-1
-1,116,-1,120,-1,116,-1,-1,-1,134,-1,136,-1,-1,-1,140,-1,-1,-1,1090,-1,-1,-1,-1,-1,-1,-1,180,-1,-1,-1,174,-1,-1,-1,-1,-1,194,-1,-1,-1,154,-1,156,-1,160,-1,-1,-1,-1,-1,-1,-1,-1,-1,286,-1,-1,-1,276,-1,-1,-1,222,-1,-1,-1,-1,-1,246,-1,248,-1,228,-1,230,-1,-1,-1,234,-1,-1,-1,282,-1,284,-1,300,-1,-1,-1,428,-1,1426,-1,450,-1,-1,-1,444,-1,-1,-1,440,-1,-1,-1,1454,-1,-1,-1,-1,-1,-1,-1,462,-1,466,-1,0,-1,-1,-1,0,-1,-1,-1,514,-1,-1,-1,510,-1,-1,-1,516,-1,512,-1,-1,-1,-1,-1,518,-1,526,-1,-1,-1,530,-1,0,-1,-1,-1,0,-1,-1,-1,-1,-1
-1,117,118,119,-1,117,-1,131,132,133,134,135,136,137,138,139,-1,1093,1092,1091,-1,125,124,123,124,125,-1,179,178,177,176,175,176,177,178,179,-1,193,194,195,-1,153,-1,155,-1,161,162,163,164,165,-1,291,290,289,288,287,288,289,-1,275,-1,225,224,223,-1,249,248,247,246,245,246,247,-1,229,-1,231,232,233,-1,235,-1,297,-1,283,-1,285,-1,299,300,301,-1,427,-1,1425,-1,451,-1,457,-1,443,442,441,440,439,438,437,-1,1455,1456,1457,-1,487,486,485,-1,463,464,465,-1,0,-1,0,-1,523,-1,517,516,515,516,517,-1,511,512,513,514,515,-1,513,514,515,-1,521,520,519,-1,525,526,527,528,529,-1,0,0,0,0,0,-1,0,0,0,-1
-1,118,-1,-1,-1,118,-1,130,-1,-1,-1,-1,-1,-1,-1,-1,-1,1094,-1,-1,-1,-1,-1,122,-1,-1,-1,-1,-1,-1,-1,-1,-1,178,-1,-1,-1,192,-1,-1,-1,152,-1,154,-1,162,-1,-1,-1,166,-1,-1,-1,-1,-1,288,-1,-1,-1,274,-1,-1,-1,224,-1,-1,-1,-1,-1,244,-1,-1,-1,230,-1,-1,-1,234,-1,236,-1,296,-1,-1,-1,286,-1,298,-1,-1,-1,426,-1,1424,-1,452,-1,456,-1,-1,-1,442,-1,-1,-1,436,-1,-1,-1,1458,-1,488,-1,484,-1,-1,-1,466,-1,0,-1,0,-1,522,-1,-1,-1,-1,-1,-1,-1,512,-1,-1,-1,516,-1,-1,-1,516,-1,-1,-1,-1,-1,524,-1,-1,-1,530,-1,-1,-1,-1,-1,0,-1,-1,-1,0,-1
-1,119,-1,121,120,119,-1,129,-1,103,102,101,100,99,98,97,96,1095,-1,125,124,123,122,121,-1,191,190,189,190,191,192,193,-1,179,-1,189,190,191,192,193,-1,151,-1,153,-1,163,164,165,-1,167,168,169,-1,291,290,289,-1,275,274,273,272,271,-1,225,226,227,228,229,-1,243,-1,233,232,231,-1,237,236,235,-1,237,-1,295,296,297,-1,287,-1,297,-1,427,426,425,424,1423,-1,453,454,455,456,457,-1,443,-1,433,434,435,436,437,-1,1459,-1,489,-1,483,482,481,-1,467,-1,0,-1,0,-1,521,520,519,518,517,516,515,514,513,-1,523,-1,517,518,519,-1,517,518,519,520,521,522,523,-1,529,-1,531,532,533,534,535,-1,0,0,0,0,0,-1
-1,120,-1,-1,-1,-1,-1,128,-1,-1,-1,-1,-1,100,-1,-1,-1,1096,-1,126,-1,-1,-1,120,-1,-1,-1,188,-1,-1,-1,-1,-1,180,-1,188,-1,-1,-1,-1,-1,150,-1,152,-1,164,-1,-1,-1,-1,-1,170,-1,-1,-1,290,-1,276,-1,-1,-1,270,-1,226,-1,-1,-1,-1,-1,242,-1,234,-1,-1,-1,-1,-1,-1,-1,-1,-1,294,-1,-1,-1,288,-1,296,-1,428,-1,-1,-1,1422,-1,454,-1,-1,-1,-1,-1,444,-1,432,-1,-1,-1,-1,-1,1460,-1,-1,-1,-1,-1,480,-1,468,-1,-1,-1,0,-1,-1,-1,-1,-1,-1,-1,-1,-1,514,-1,522,-1,-1,-1,520,-1,-1,-1,-1,-1,522,-1,-1,-1,528,-1,-1,-1,534,-1,536,-1,0,-1,-1,-1,0,-1
-1,121,122,123,124,125,126,127,128,129,130,131,-1,101,-1,1099,1098,1097,-1,127,128,129,-1,119,118,117,-1,187,186,185,184,183,182,181,-1,187,-1,145,146,147,148,149,-1,151,-1,165,-1,307,-1,305,-1,171,172,173,-1,291,-1,277,-1,319,-1,269,-1,227,-1,245,244,243,242,241,-1,235,-1,409,408,407,406,405,404,403,-1,293,292,291,290,289,-1,295,-1,429,430,431,-1,1421,-1,455,-1,449,448,447,446,445,-1,431,-1,1465,1464,1463,1462,1461,462,463,464,465,-1,479,-1,469,470,471,-1,0,0,527,526,525,524,523,522,521,-1,515,-1,521,520,519,-1,521,522,523,524,525,-1,523,524,525,526,527,528,529,-1,535,-1,537,-1,0,-1,0,-1,0,-1
-1,122,-1,-1,-1,-1,-1,-1,-1,-1,-1,-1,-1,102,-1,1100,-1,-1,-1,128,-1,-1,-1,-1,-1,116,-1,188,-1,-1,-1,-1,-1,182,-1,186,-1,144,-1,-1,-1,150,-1,150,-1,166,-1,306,-1,304,-1,172,-1,-1,-1,292,-1,278,-1,318,-1,268,-1,228,-1,-1,-1,-1,-1,240,-1,236,-1,-1,-1,-1,-1,-1,-1,402,-1,-1,-1,-1,-1,290,-1,294,-1,-1,-1,432,-1,1420,-1,456,-1,-1,-1,448,-1,-1,-1,430,-1,1466,-1,-1,-1,-1,-1,-1,-1,-1,-1,478,-1,470,-1,-1,-1,0,-1,-1,-1,526,-1,-1,-1,520,-1,516,-1,522,-1,518,-1,522,-1,-1,-1,526,-1,524,-1,-1,-1,-1,-1,530,-1,536,-1,538,-1,0,-1,0,-1,0,-1
-1,123,-1,125,124,123,122,121,120,119,-1,105,104,103,-1,1101,-1,131,130,129,-1,111,112,113,114,115,-1,189,-1,131,130,129,-1,183,184,185,-1,143,-1,153,-1,151,-1,149,-1,167,-1,305,304,303,-1,173,-1,295,294,293,-1,279,-1,317,-1,267,-1,229,-1,259,258,257,-1,239,238,237,238,239,-1,393,392,391,-1,401,400,1399,1400,1401,-1,291,292,293,294,295,-1,433,-1,1419,-1,457,458,459,-1,449,-1,427,-1,429,-1,1467,1468,1469,1470,1471,1472,1473,1474,1475,1476,1477,-1,471,-1,0,0,0,-1,481,-1,527,-1,501,-1,519,518,517,-1,523,-1,517,-1,523,-1,533,-1,527,-1,525,-1,535,536,537,-1,531,-1,537,-1,539,-1,0,-1,563,-1,0,-1
-1,124,-1,-1,-1,124,-1,-1,-1,118,-1,-1,-1,104,-1,1102,-1,-1,-1,-1,-1,110,-1,-1,-1,116,-1,-1,-1,-1,-1,128,-1,184,-1,-1,-1,142,-1,152,-1,-1,-1,148,-1,168,-1,-1,-1,302,-1,-1,-1,296,-1,-1,-1,280,-1,316,-1,266,-1,-1,-1,260,-1,256,-1,240,-1,-1,-1,240,-1,-1,-1,390,-1,-1,-1,1398,-1,1402,-1,-1,-1,-1,-1,296,-1,434,-1,1418,-1,-1,-1,-1,-1,-1,-1,426,-1,428,-1,-1,-1,-1,-1,-1,-1,-1,-1,-1,-1,1478,-1,472,-1,-1,-1,-1,-1,480,-1,-1,-1,500,-1,-1,-1,-1,-1,-1,-1,516,-1,-1,-1,532,-1,528,-1,-1,-1,534,-1,-1,-1,-1,-1,-1,-1,540,-1,-1,-1,562,-1,-1,-1
-1,125,126,127,-1,125,-1,119,-1,117,-1,107,106,105,-1,1103,1104,1105,1106,1107,1108,1109,-1,115,-1,117,-1,123,124,125,126,127,-1,185,-1,139,140,141,-1,151,152,153,-1,147,-1,169,170,171,-1,301,300,299,298,297,-1,283,282,281,-1,315,-1,265,264,263,262,261,-1,255,-1,241,-1,251,-1,241,242,243,-1,389,390,391,-1,1397,-1,1403,1404,1405,1406,1407,-1,297,-1,435,-1,1417,-1,419,420,421,422,423,424,425,426,427,428,429,430,431,-1,0,0,0,0,0,-1,1479,-1,473,474,475,476,477,478,479,-1,1497,1498,1499,1500,1501,-1,515,514,513,514,515,-1,0,-1,531,530,529,530,531,532,533,-1,555,0,0,-1,551,-1,541,-1,563,562,561,560,559,-1
-1,-1,-1,128,-1,-1,-1,118,-1,116,-1,-1,-1,106,-1,-1,-1,-1,-1,-1,-1,1110,-1,114,-1,118,-1,122,-1,-1,-1,-1,-1,186,-1,138,-1,-1,-1,150,-1,-1,-1,146,-1,-1,-1,-1,-1,-1,-1,-1,-1,298,-1,-1,-1,282,-1,314,-1,266,-1,-1,-1,262,-1,254,-1,-1,-1,250,-1,-1,-1,244,-1,388,-1,-1,-1,1396,-1,-1,-1,-1,-1,1408,-1,-1,-1,-1,-1,1416,-1,418,-1,-1,-1,-1,-1,-1,-1,-1,-1,-1,-1,-1,-1,0,-1,-1,-1,0,-1,1480,-1,474,-1,-1,-1,-1,-1,-1,-1,1496,-1,-1,-1,1502,-1,-1,-1,512,-1,-1,-1,0,-1,532,-1,-1,-1,532,-1,-1,-1,554,-1,-1,-1,550,-1,542,-1,0,-1,-1,-1,558,-1
-1,159,-1,129,130,131,-1,117,116,115,116,117,-1,107,108,109,110,111,-1,125,-1,1111,1112,1113,-1,119,-1,121,-1,191,190,189,188,187,-1,137,-1,151,150,149,148,147,146,1145,1146,1147,1148,1149,1150,1151,152,153,-1,299,300,301,-1,283,-1,313,-1,267,-1,269,-1,263,-1,253,252,251,250,249,248,247,246,245,-1,387,-1,397,396,1395,1394,1393,-1,399,-1,1409,1410,1411,1412,1413,1414,1415,416,417,-1,427,428,429,430,431,432,433,434,435,436,437,-1,0,-1,453,-1,0,-1,1481,-1,475,-1,1489,1490,1491,1492,1493,1494,1495,-1,517,-1,1503,504,505,-1,511,-1,0,-1,547,-1,533,-1,0,-1,533,-1,555,554,553,552,551,550,549,-1,543,-1,0,0,0,-1,557,-1
-1,158,-1,-1,-1,132,-1,-1,-1,114,-1,-1,-1,108,-1,-1,-1,112,-1,124,-1,-1,-1,1114,-1,-1,-1,120,-1,-1,-1,190,-1,-1,-1,136,-1,152,-1,-1,-1,-1,-1,1144,-1,-1,-1,-1,-1,1152,-1,-1,-1,300,-1,-1,-1,284,-1,312,-1,-1,-1,268,-1,264,-1,-1,-1,252,-1,-1,-1,248,-1,-1,-1,386,-1,-1,-1,-1,-1,1392,-1,398,-1,-1,-1,412,-1,-1,-1,-1,-1,418,-1,426,-1,-1,-1,-1,-1,434,-1,-1,-1,-1,-1,0,-1,452,-1,0,-1,1482,-1,-1,-1,1488,-1,-1,-1,-1,-1,-1,-1,516,-1,1504,-1,-1,-1,510,-1,0,-1,546,-1,-1,-1,0,-1,-1,-1,-1,-1,554,-1,-1,-1,548,-1,544,-1,-1,-1,0,-1,556,-1
-1,157,-1,147,-1,133,134,135,-1,113,112,111,110,109,-1,163,-1,113,-1,123,122,121,-1,1115,1116,1117,118,119,120,121,-1,191,-1,137,136,135,-1,153,154,155,156,157,-1,1143,-1,185,-1,183,-1,1153,-1,303,302,301,302,303,-1,285,-1,311,312,313,-1,267,266,265,-1,187,-1,253,254,255,-1,249,-1,203,-1,385,386,387,388,389,-1,1391,-1,397,396,395,-1,413,414,415,416,417,-1,419,-1,425,-1,0,0,0,-1,435,-1,0,0,0,0,0,-1,451,-1,0,-1,1483,1484,1485,1486,1487,-1,517,516,515,514,513,514,515,-1,1505,506,507,508,509,-1,547,-1,545,544,543,-1,0,0,0,0,0,-1,555,-1,561,-1,547,546,545,546,547,-1,0,-1,555,-1
-1,156,-1,146,-1,134,-1,-1,-1,-1,-1,-1,-1,110,-1,162,-1,114,-1,-1,-1,120,-1,-1,-1,1118,-1,-1,-1,-1,-1,192,-1,-1,-1,134,-1,154,-1,-1,-1,-1,-1,1142,-1,184,-1,182,-1,1154,-1,-1,-1,-1,-1,304,-1,-1,-1,310,-1,314,-1,-1,-1,-1,-1,186,-1,-1,-1,256,-1,-1,-1,202,-1,384,-1,388,-1,-1,-1,1390,-1,-1,-1,394,-1,-1,-1,416,-1,-1,-1,420,-1,424,-1,0,-1,0,-1,436,-1,-1,-1,-1,-1,0,-1,450,-1,0,-1,484,-1,-1,-1,-1,-1,-1,-1,-1,-1,512,-1,-1,-1,1506,-1,-1,-1,510,-1,546,-1,-1,-1,542,-1,-1,-1,0,-1,0,-1,556,-1,560,-1,-1,-1,546,-1,548,-1,-1,-1,554,-1
-1,155,-1,145,-1,135,-1,153,154,155,156,157,-1,111,-1,161,-1,115,116,117,118,119,-1,121,120,1119,-1,125,-1,195,194,193,194,195,-1,133,-1,155,-1,1137,1138,1139,1140,1141,-1,183,182,181,-1,1155,1156,1157,1158,1159,-1,305,306,307,308,309,-1,315,316,317,318,319,-1,185,186,187,-1,257,258,259,-1,201,-1,383,-1,389,-1,1387,1388,1389,390,391,392,393,394,395,-1,417,-1,423,-1,421,422,423,-1,0,-1,0,-1,437,438,439,440,441,-1,0,-1,449,-1,0,-1,485,-1,0,0,0,-1,0,0,0,-1,511,510,509,508,1507,-1,0,-1,511,-1,545,546,547,-1,541,542,543,-1,0,-1,559,-1,557,-1,559,560,561,-1,547,-1,549,550,551,552,553,-1
-1,154,-1,144,-1,136,-1,152,-1,-1,-1,158,-1,-1,-1,160,-1,-1,-1,-1,-1,120,-1,-1,-1,1120,-1,124,-1,-1,-1,-1,-1,-1,-1,132,-1,-1,-1,1136,-1,140,-1,-1,-1,-1,-1,180,-1,-1,-1,-1,-1,1160,-1,-1,-1,-1,-1,-1,-1,316,-1,-1,-1,-1,-1,184,-1,188,-1,-1,-1,260,-1,200,-1,382,-1,-1,-1,1386,-1,-1,-1,-1,-1,-1,-1,396,-1,-1,-1,422,-1,-1,-1,424,-1,-1,-1,0,-1,-1,-1,-1,-1,442,-1,-1,-1,448,-1,0,-1,-1,-1,0,-1,-1,-1,0,-1,0,-1,512,-1,-1,-1,1508,-1,0,-1,-1,-1,544,-1,548,-1,540,-1,544,-1,-1,-1,558,-1,-1,-1,558,-1,562,-1,-1,-1,550,-1,-1,-1,-1,-1
-1,153,-1,143,-1,137,-1,151,-1,161,160,159,-1,161,160,159,160,161,162,163,-1,121,122,123,-1,1121,1122,1123,1124,1125,1126,1127,1128,1129,1130,1131,1132,1133,1134,1135,-1,141,-1,155,154,153,-1,179,180,181,182,183,-1,1161,1162,1163,164,165,166,167,-1,317,318,319,320,321,-1,183,-1,189,190,191,-1,261,-1,199,-1,1381,1382,1383,1384,1385,-1,375,374,373,-1,399,398,397,398,399,-1,421,420,419,-1,425,-1,0,0,0,0,0,0,0,-1,443,444,445,446,447,-1,0,0,0,0,0,0,0,0,0,-1,0,-1,513,-1,0,-1,1509,-1,547,546,545,544,543,-1,549,-1,539,-1,545,546,547,-1,557,-1,555,556,557,-1,563,564,565,-1,551,552,553,554,555,-1
-1,152,-1,142,-1,138,-1,150,-1,-1,-1,-1,-1,-1,-1,158,-1,-1,-1,-1,-1,-1,-1,124,-1,122,-1,-1,-1,-1,-1,128,-1,-1,-1,-1,-1,-1,-1,-1,-1,142,-1,-1,-1,152,-1,178,-1,-1,-1,184,-1,-1,-1,1164,-1,-1,-1,168,-1,-1,-1,320,-1,-1,-1,182,-1,-1,-1,192,-1,-1,-1,198,-1,1380,-1,-1,-1,-1,-1,-1,-1,372,-1,-1,-1,398,-1,-1,-1,422,-1,418,-1,-1,-1,0,-1,-1,-1,0,-1,-1,-1,444,-1,-1,-1,448,-1,-1,-1,0,-1,-1,-1,-1,-1,-1,-1,0,-1,-1,-1,0,-1,1510,-1,-1,-1,-1,-1,542,-1,-1,-1,538,-1,-1,-1,548,-1,556,-1,554,-1,-1,-1,564,-1,-1,-1,-1,-1,-1,-1,-1,-1
-1,151,-1,141,140,139,-1,149,150,151,152,153,154,155,156,157,-1,131,130,129,128,127,126,125,-1,123,-1,169,168,167,-1,129,130,131,132,133,134,135,136,137,-1,143,144,145,-1,151,-1,177,176,175,-1,185,186,187,-1,1165,-1,171,170,169,-1,175,-1,321,-1,179,180,181,182,183,-1,193,194,195,196,197,-1,1379,1378,1377,1376,1375,1374,1373,1372,1371,-1,373,-1,399,400,401,-1,423,-1,417,416,415,-1,0,0,0,-1,0,-1,447,446,445,-1,0,-1,449,450,451,-1,0,-1,459,460,461,-1,0,0,0,0,0,0,0,-1,1511,1512,1513,1514,1515,-1,541,540,539,538,537,536,535,-1,549,-1,555,554,553,-1,567,566,565,-1,0,0,573,572,571,570,569,-1
-1,150,-1,-1,-1,140,-1,148,-1,-1,-1,-1,-1,-1,-1,-1,-1,132,-1,-1,-1,-1,-1,-1,-1,124,-1,170,-1,166,-1,-1,-1,-1,-1,-1,-1,-1,-1,138,-1,-1,-1,146,-1,150,-1,-1,-1,174,-1,-1,-1,-1,-1,1166,-1,-1,-1,170,-1,174,-1,-1,-1,178,-1,-1,-1,184,-1,194,-1,-1,-1,198,-1,-1,-1,-1,-1,-1,-1,-1,-1,1370,-1,372,-1,-1,-1,402,-1,424,-1,-1,-1,414,-1,-1,-1,-1,-1,0,-1,448,-1,-1,-1,0,-1,-1,-1,452,-1,-1,-1,458,-1,-1,-1,0,-1,0,-1,-1,-1,0,-1,512,-1,-1,-1,1516,-1,-1,-1,-1,-1,538,-1,534,-1,550,-1,-1,-1,552,-1,0,-1,566,-1,0,-1,-1,-1,-1,-1,568,-1
-1,149,150,151,-1,141,-1,147,-1,149,148,147,146,145,144,143,-1,133,-1,135,134,133,132,131,-1,125,-1,171,-1,165,166,167,168,169,170,171,172,173,-1,139,140,141,-1,147,-1,149,150,151,-1,173,172,1171,1170,1169,1168,1167,168,169,-1,171,172,173,174,175,176,177,178,179,-1,185,-1,195,-1,217,-1,199,200,201,202,203,204,205,206,207,-1,1369,370,371,372,373,-1,403,-1,425,-1,411,412,413,-1,0,0,0,0,0,-1,449,-1,0,0,0,-1,0,-1,453,454,455,456,457,-1,0,0,0,-1,0,-1,525,-1,0,-1,513,-1,519,-1,1517,518,519,520,521,-1,539,-1,533,-1,551,-1,537,-1,551,-1,0,-1,567,-1,0,0,0,0,0,-1,567,-1
-1,148,-1,-1,-1,142,-1,146,-1,-1,-1,148,-1,-1,-1,142,-1,134,-1,136,-1,-1,-1,130,-1,126,-1,-1,-1,164,-1,-1,-1,-1,-1,-1,-1,174,-1,-1,-1,142,-1,-1,-1,148,-1,-1,-1,-1,-1,1172,-1,-1,-1,-1,-1,170,-1,-1,-1,174,-1,-1,-1,-1,-1,180,-1,-1,-1,-1,-1,216,-1,-1,-1,202,-1,-1,-1,206,-1,-1,-1,1368,-1,-1,-1,-1,-1,404,-1,-1,-1,410,-1,-1,-1,0,-1,-1,-1,0,-1,450,-1,-1,-1,0,-1,0,-1,-1,-1,-1,-1,-1,-1,542,-1,-1,-1,-1,-1,524,-1,0,-1,514,-1,518,-1,1518,-1,-1,-1,522,-1,-1,-1,532,-1,-1,-1,536,-1,550,-1,-1,-1,568,-1,-1,-1,-1,-1,-1,-1,566,-1
-1,147,146,145,144,143,144,145,146,147,-1,149,-1,155,-1,141,-1,135,-1,137,-1,143,-1,129,128,127,128,129,-1,163,-1,209,208,207,206,205,-1,175,176,177,-1,143,144,145,146,147,148,149,150,151,-1,1173,-1,187,186,185,-1,171,172,173,-1,175,-1,193,194,195,-1,181,182,183,-1,189,-1,215,214,213,-1,203,-1,217,-1,207,-1,369,368,1367,-1,0,0,0,-1,405,406,407,408,409,-1,0,0,0,0,0,-1,0,-1,451,452,453,-1,0,0,0,0,0,-1,0,0,0,542,541,-1,527,526,525,524,523,-1,0,-1,515,516,517,-1,1519,-1,0,-1,523,524,525,-1,531,532,533,534,535,-1,549,548,547,-1,569,-1,575,-1,569,568,567,566,565,-1
-1,148,-1,-1,-1,-1,-1,146,-1,-1,-1,150,-1,154,-1,140,-1,136,-1,-1,-1,142,-1,-1,-1,128,-1,130,-1,162,-1,-1,-1,-1,-1,204,-1,176,-1,-1,-1,144,-1,-1,-1,-1,-1,-1,-1,152,-1,1174,-1,-1,-1,184,-1,-1,-1,-1,-1,176,-1,192,-1,196,-1,-1,-1,184,-1,188,-1,-1,-1,212,-1,204,-1,216,-1,208,-1,370,-1,1366,-1,-1,-1,0,-1,-1,-1,-1,-1,-1,-1,-1,-1,0,-1,-1,-1,0,-1,452,-1,-1,-1,0,-1,-1,-1,0,-1,-1,-1,-1,-1,540,-1,528,-1,-1,-1,522,-1,-1,-1,516,-1,-1,-1,1520,-1,0,-1,-1,-1,526,-1,530,-1,-1,-1,536,-1,-1,-1,546,-1,-1,-1,574,-1,570,-1,-1,-1,564,-1
-1,149,-1,155,154,153,-1,147,148,149,-1,151,152,153,-1,139,138,137,138,139,140,141,-1,139,-1,129,-1,131,-1,161,160,159,-1,205,204,203,-1,177,-1,147,146,145,146,147,148,149,-1,155,154,153,-1,1175,1176,1177,-1,183,182,181,180,179,178,177,-1,191,-1,197,198,199,-1,185,186,187,188,189,-1,211,-1,205,-1,215,-1,209,-1,371,-1,1365,366,367,-1,0,0,0,0,0,0,0,0,0,0,0,-1,0,0,0,-1,453,454,455,-1,0,-1,0,-1,0,0,0,542,541,540,539,-1,529,-1,535,-1,521,520,519,518,517,-1,1523,1522,1521,-1,559,558,557,-1,527,528,529,-1,563,-1,537,538,539,-1,545,-1,575,574,573,572,571,-1,581,-1,563,-1
-1,150,-1,-1,-1,152,-1,-1,-1,-1,-1,-1,-1,-1,-1,140,-1,-1,-1,-1,-1,142,-1,138,-1,-1,-1,132,-1,162,-1,158,-1,-1,-1,202,-1,-1,-1,148,-1,-1,-1,-1,-1,-1,-1,-1,-1,-1,-1,-1,-1,1178,-1,-1,-1,-1,-1,-1,-1,-1,-1,190,-1,-1,-1,200,-1,-1,-1,-1,-1,-1,-1,210,-1,-1,-1,214,-1,210,-1,-1,-1,1364,-1,-1,-1,0,-1,-1,-1,-1,-1,0,-1,-1,-1,-1,-1,0,-1,0,-1,-1,-1,-1,-1,0,-1,0,-1,-1,-1,-1,-1,-1,-1,538,-1,-1,-1,534,-1,-1,-1,-1,-1,-1,-1,1524,-1,522,-1,-1,-1,556,-1,528,-1,-1,-1,562,-1,-1,-1,540,-1,544,-1,-1,-1,-1,-1,572,-1,580,-1,562,-1
-1,151,152,153,-1,151,150,149,148,147,146,145,144,143,142,141,-1,151,150,149,-1,143,-1,137,136,135,134,133,-1,163,-1,157,158,159,-1,201,200,199,-1,149,-1,191,190,189,188,187,186,185,184,183,182,181,180,1179,1180,1181,1182,1183,1184,1185,186,187,188,189,190,191,-1,201,202,203,204,205,206,207,208,209,210,211,212,213,-1,211,-1,365,364,1363,-1,0,0,0,-1,369,370,371,-1,0,-1,379,-1,0,0,0,-1,0,0,0,0,0,0,0,-1,0,0,0,0,0,0,0,-1,537,536,535,534,533,532,531,530,529,528,527,526,1525,-1,523,524,525,-1,555,-1,529,-1,559,560,561,562,563,-1,541,542,543,544,545,546,547,-1,573,-1,579,-1,561,-1
-1,152,-1,-1,-1,-1,-1,-1,-1,-1,-1,146,-1,-1,-1,142,-1,-1,-1,148,-1,144,-1,-1,-1,-1,-1,-1,-1,-1,-1,156,-1,-1,-1,202,-1,198,-1,-1,-1,192,-1,-1,-1,188,-1,-1,-1,-1,-1,-1,-1,-1,-1,-1,-1,-1,-1,1186,-1,-1,-1,-1,-1,-1,-1,-1,-1,-1,-1,-1,-1,208,-1,-1,-1,-1,-1,-1,-1,212,-1,-1,-1,1362,-1,0,-1,-1,-1,368,-1,372,-1,-1,-1,378,-1,-1,-1,-1,-1,0,-1,0,-1,-1,-1,0,-1,0,-1,-1,-1,-1,-1,546,-1,-1,-1,-1,-1,-1,-1,-1,-1,530,-1,-1,-1,1526,-1,-1,-1,526,-1,554,-1,530,-1,558,-1,-1,-1,564,-1,-1,-1,544,-1,-1,-1,548,-1,574,-1,578,-1,560,-1
-1,153,-1,275,274,273,-1,155,156,157,-1,147,-1,157,-1,143,144,145,-1,147,146,145,146,147,148,149,150,151,152,153,154,155,-1,205,204,203,-1,197,196,195,194,193,-1,175,-1,189,-1,1199,1198,1197,1196,1195,1194,1193,1192,1191,1190,1189,1188,1187,-1,297,296,295,294,293,294,295,296,297,298,299,-1,209,-1,219,218,217,216,215,214,213,-1,359,-1,1361,-1,0,-1,365,366,367,-1,373,374,375,376,377,378,379,380,381,-1,0,-1,0,-1,0,0,0,-1,0,-1,0,-1,0,-1,545,544,543,542,541,540,539,-1,537,-1,531,-1,533,-1,1527,-1,529,528,527,-1,553,-1,531,-1,557,-1,571,-1,565,566,567,-1,545,546,547,-1,549,-1,575,576,577,-1,559,-1
-1,154,-1,-1,-1,272,-1,154,-1,-1,-1,148,-1,156,-1,144,-1,146,-1,-1,-1,-1,-1,-1,-1,-1,-1,-1,-1,154,-1,156,-1,-1,-1,204,-1,-1,-1,-1,-1,194,-1,174,-1,-1,-1,1200,-1,-1,-1,-1,-1,-1,-1,-1,-1,-1,-1,-1,-1,-1,-1,296,-1,292,-1,-1,-1,-1,-1,300,-1,210,-1,-1,-1,218,-1,-1,-1,214,-1,358,-1,1360,-1,-1,-1,364,-1,-1,-1,374,-1,376,-1,-1,-1,380,-1,-1,-1,-1,-1,0,-1,-1,-1,0,-1,0,-1,0,-1,0,-1,546,-1,-1,-1,-1,-1,538,-1,536,-1,-1,-1,532,-1,1528,-1,-1,-1,528,-1,552,-1,532,-1,556,-1,570,-1,566,-1,-1,-1,-1,-1,548,-1,-1,-1,-1,-1,-1,-1,558,-1
-1,155,156,157,-1,271,-1,153,152,151,150,149,-1,155,-1,145,-1,147,-1,249,248,247,246,245,244,243,242,241,-1,155,-1,157,158,159,-1,205,206,207,-1,197,196,195,-1,173,-1,175,-1,1201,-1,279,278,277,276,275,276,277,278,279,280,281,282,283,-1,297,-1,291,-1,253,252,251,-1,301,-1,211,212,213,-1,219,220,221,-1,215,-1,357,-1,1359,360,361,362,363,364,365,-1,375,-1,377,-1,0,-1,381,-1,0,0,0,0,0,0,0,-1,0,-1,0,-1,0,0,0,-1,547,-1,0,0,0,-1,537,536,535,534,533,532,531,530,1529,-1,555,-1,529,-1,551,-1,533,-1,555,-1,569,568,567,-1,0,0,0,-1,549,550,551,552,553,554,555,556,557,-1
-1,-1,-1,158,-1,270,-1,-1,-1,-1,-1,-1,-1,154,-1,-1,-1,148,-1,250,-1,-1,-1,246,-1,-1,-1,240,-1,156,-1,-1,-1,160,-1,-1,-1,-1,-1,-1,-1,-1,-1,172,-1,174,-1,1202,-1,-1,-1,-1,-1,274,-1,-1,-1,-1,-1,282,-1,-1,-1,-1,-1,290,-1,-1,-1,250,-1,302,-1,-1,-1,-1,-1,220,-1,-1,-1,216,-1,356,-1,1358,-1,-1,-1,-1,-1,-1,-1,-1,-1,-1,-1,0,-1,-1,-1,-1,-1,-1,-1,0,-1,-1,-1,0,-1,-1,-1,-1,-1,0,-1,-1,-1,0,-1,-1,-1,-1,-1,-1,-1,-1,-1,-1,-1,1530,-1,554,-1,530,-1,550,-1,534,-1,554,-1,-1,-1,568,-1,0,-1,0,-1,-1,-1,-1,-1,-1,-1,-1,-1,558,-1
-1,177,-1,159,-1,269,268,267,266,265,264,263,-1,153,152,151,150,149,-1,251,-1,157,-1,247,-1,241,240,239,-1,157,-1,163,162,161,162,163,164,165,166,167,168,169,170,171,172,173,-1,1203,204,205,206,207,-1,273,-1,315,314,313,-1,283,284,285,286,287,288,289,290,291,-1,249,-1,303,-1,225,224,223,222,221,-1,219,218,217,-1,355,-1,1357,-1,0,0,0,0,0,0,0,0,0,0,0,0,0,0,0,0,0,-1,0,0,0,-1,0,0,0,0,0,-1,0,0,0,0,0,0,0,0,0,0,0,0,0,0,0,-1,1531,-1,553,-1,531,-1,549,-1,535,-1,553,554,555,-1,569,-1,0,-1,0,0,0,0,0,0,0,-1,561,560,559,-1
-1,176,-1,160,-1,-1,-1,268,-1,-1,-1,262,-1,154,-1,-1,-1,150,-1,-1,-1,156,-1,248,-1,-1,-1,238,-1,-1,-1,-1,-1,-1,-1,-1,-1,-1,-1,-1,-1,-1,-1,-1,-1,-1,-1,1204,-1,-1,-1,-1,-1,272,-1,-1,-1,312,-1,-1,-1,-1,-1,-1,-1,290,-1,-1,-1,248,-1,304,-1,-1,-1,224,-1,-1,-1,220,-1,-1,-1,354,-1,1356,-1,-1,-1,0,-1,-1,-1,0,-1,-1,-1,0,-1,-1,-1,-1,-1,0,-1,-1,-1,0,-1,-1,-1,-1,-1,0,-1,-1,-1,0,-1,-1,-1,0,-1,-1,-1,-1,-1,-1,-1,0,-1,1532,-1,552,-1,-1,-1,548,-1,536,-1,552,-1,-1,-1,570,-1,-1,-1,0,-1,-1,-1,-1,-1,0,-1,-1,-1,560,-1
-1,175,-1,161,162,163,-1,269,-1,263,-1,261,-1,155,-1,265,-1,151,152,153,154,155,-1,249,250,251,-1,237,238,239,240,241,242,243,244,245,246,247,248,249,250,251,252,253,-1,1207,1206,1205,-1,271,270,269,270,271,272,273,-1,311,310,309,310,311,312,313,-1,291,-1,245,246,247,-1,305,-1,235,-1,225,-1,351,-1,221,-1,1351,1352,1353,1354,1355,356,357,-1,0,0,0,-1,0,-1,0,-1,0,-1,0,0,0,-1,0,0,0,-1,0,0,0,0,0,-1,0,0,0,-1,0,0,0,-1,0,-1,545,-1,0,0,0,0,0,-1,1533,-1,551,550,549,548,547,-1,537,-1,551,-1,573,572,571,572,573,-1,0,0,0,0,0,-1,0,0,0,-1,561,-1
-1,174,-1,162,-1,164,-1,270,-1,262,-1,260,-1,-1,-1,264,-1,-1,-1,154,-1,-1,-1,250,-1,-1,-1,236,-1,240,-1,-1,-1,-1,-1,-1,-1,-1,-1,-1,-1,-1,-1,-1,-1,1208,-1,206,-1,-1,-1,268,-1,-1,-1,-1,-1,-1,-1,308,-1,-1,-1,314,-1,292,-1,244,-1,-1,-1,306,-1,234,-1,226,-1,350,-1,-1,-1,1350,-1,-1,-1,-1,-1,358,-1,-1,-1,0,-1,-1,-1,0,-1,-1,-1,0,-1,0,-1,0,-1,-1,-1,0,-1,-1,-1,-1,-1,0,-1,0,-1,-1,-1,0,-1,0,-1,544,-1,-1,-1,-1,-1,-1,-1,1534,-1,552,-1,-1,-1,546,-1,-1,-1,550,-1,-1,-1,572,-1,574,-1,0,-1,-1,-1,0,-1,-1,-1,-1,-1,562,-1
-1,173,-1,163,-1,165,-1,271,-1,261,260,259,260,261,262,263,264,265,-1,155,-1,253,252,251,-1,237,236,235,-1,241,-1,1227,1226,1225,1224,1223,1222,1221,1220,1219,1218,1217,1216,1215,-1,1209,-1,207,208,209,-1,267,266,265,-1,267,266,265,-1,307,306,305,-1,315,-1,293,-1,243,-1,237,-1,307,-1,233,-1,227,-1,349,348,1347,1348,1349,350,351,-1,361,360,359,360,361,-1,0,0,0,-1,0,0,0,0,0,-1,0,-1,0,-1,0,0,0,0,0,-1,0,0,0,-1,0,0,0,-1,0,-1,0,-1,543,542,541,540,539,538,1537,1536,1535,-1,553,554,555,-1,545,546,547,548,549,550,551,-1,573,-1,575,-1,0,-1,583,-1,0,-1,567,566,565,564,563,-1
-1,172,-1,-1,-1,166,-1,272,-1,-1,-1,258,-1,-1,-1,264,-1,-1,-1,156,-1,-1,-1,252,-1,-1,-1,234,-1,-1,-1,1228,-1,-1,-1,-1,-1,-1,-1,-1,-1,-1,-1,1214,-1,1210,-1,-1,-1,-1,-1,-1,-1,264,-1,-1,-1,264,-1,-1,-1,304,-1,316,-1,294,-1,242,-1,236,-1,-1,-1,232,-1,228,-1,350,-1,1346,-1,-1,-1,-1,-1,-1,-1,-1,-1,-1,-1,0,-1,0,-1,-1,-1,-1,-1,-1,-1,0,-1,-1,-1,0,-1,-1,-1,0,-1,-1,-1,0,-1,0,-1,-1,-1,-1,-1,0,-1,-1,-1,-1,-1,-1,-1,1538,-1,536,-1,-1,-1,-1,-1,544,-1,-1,-1,-1,-1,-1,-1,-1,-1,576,-1,-1,-1,582,-1,0,-1,-1,-1,-1,-1,564,-1
-1,171,170,169,168,167,-1,273,274,275,-1,257,-1,267,266,265,-1,251,-1,157,158,159,-1,253,254,255,-1,1233,1232,1231,1230,1229,-1,251,252,253,-1,231,230,229,230,231,-1,1213,1212,1211,212,213,214,215,216,217,-1,263,262,261,262,263,264,265,-1,303,-1,317,-1,295,-1,241,-1,235,234,233,232,231,230,229,-1,351,-1,1345,-1,0,0,0,0,0,-1,0,0,0,0,0,-1,0,0,0,0,0,0,0,0,0,0,0,-1,0,0,0,-1,0,0,0,-1,0,-1,0,-1,0,0,0,0,0,0,0,0,0,0,0,-1,1539,-1,537,538,539,540,541,542,543,544,545,546,547,548,549,550,551,-1,577,578,579,580,581,-1,0,-1,569,568,567,566,565,-1
-1,-1,-1,-1,-1,-1,-1,274,-1,-1,-1,256,-1,-1,-1,-1,-1,250,-1,158,-1,-1,-1,-1,-1,-1,-1,1234,-1,-1,-1,-1,-1,250,-1,254,-1,232,-1,228,-1,-1,-1,214,-1,-1,-1,-1,-1,-1,-1,218,-1,-1,-1,260,-1,-1,-1,-1,-1,302,-1,-1,-1,296,-1,240,-1,-1,-1,-1,-1,232,-1,-1,-1,352,-1,1344,-1,-1,-1,-1,-1,0,-1,-1,-1,-1,-1,0,-1,-1,-1,-1,-1,-1,-1,-1,-1,-1,-1,0,-1,0,-1,-1,-1,0,-1,-1,-1,-1,-1,-1,-1,0,-1,-1,-1,0,-1,-1,-1,-1,-1,0,-1,1540,-1,-1,-1,-1,-1,-1,-1,544,-1,-1,-1,-1,-1,550,-1,-1,-1,-1,-1,-1,-1,582,-1,0,-1,570,-1,-1,-1,-1,-1
-1,281,280,279,278,277,276,275,-1,257,256,255,254,253,252,251,250,249,-1,159,160,161,162,163,-1,241,-1,1235,-1,253,252,251,250,249,-1,255,-1,233,-1,227,-1,217,216,215,-1,269,268,267,266,265,-1,219,220,221,-1,259,-1,305,304,303,302,301,300,299,298,297,-1,239,238,237,236,235,234,233,-1,339,-1,353,-1,1343,344,345,346,347,-1,0,0,0,0,0,-1,0,0,0,0,0,0,0,0,0,0,0,-1,0,0,0,-1,0,0,0,-1,0,0,0,0,0,0,0,-1,0,-1,0,-1,559,558,557,-1,0,-1,1541,1542,1543,1544,1545,-1,563,-1,545,-1,0,0,0,-1,551,-1,0,0,0,0,0,-1,583,-1,0,-1,571,572,573,-1,0,-1
-1,282,-1,280,-1,-1,-1,276,-1,-1,-1,256,-1,-1,-1,-1,-1,248,-1,-1,-1,-1,-1,-1,-1,240,-1,1236,-1,-1,-1,-1,-1,248,-1,-1,-1,234,-1,226,-1,-1,-1,216,-1,270,-1,-1,-1,264,-1,-1,-1,-1,-1,258,-1,-1,-1,-1,-1,302,-1,-1,-1,-1,-1,240,-1,-1,-1,-1,-1,-1,-1,338,-1,-1,-1,1342,-1,-1,-1,348,-1,-1,-1,0,-1,0,-1,-1,-1,-1,-1,-1,-1,-1,-1,-1,-1,0,-1,-1,-1,-1,-1,-1,-1,0,-1,-1,-1,0,-1,-1,-1,-1,-1,0,-1,0,-1,560,-1,556,-1,-1,-1,-1,-1,-1,-1,1546,-1,562,-1,546,-1,-1,-1,0,-1,552,-1,-1,-1,0,-1,0,-1,584,-1,0,-1,-1,-1,574,-1,0,-1
-1,283,-1,281,-1,295,-1,277,278,279,-1,257,-1,291,292,293,-1,247,246,245,244,243,242,241,240,239,238,1237,238,239,240,241,-1,247,-1,237,236,235,-1,225,224,223,-1,217,-1,271,-1,229,-1,263,262,261,260,259,258,257,256,255,254,253,-1,303,-1,245,244,243,242,241,-1,339,338,337,336,1335,1336,1337,1338,1339,1340,1341,-1,0,-1,349,350,351,-1,0,-1,0,0,0,0,0,0,0,0,0,0,0,-1,0,0,0,0,0,0,0,-1,0,0,0,-1,0,-1,0,0,0,-1,0,0,0,-1,561,-1,555,554,553,552,1551,1550,1549,1548,1547,-1,561,-1,547,548,549,-1,0,-1,553,554,555,-1,0,-1,0,-1,585,-1,0,0,0,-1,575,-1,0,-1
-1,284,-1,282,-1,294,-1,-1,-1,280,-1,258,-1,290,-1,-1,-1,248,-1,-1,-1,244,-1,-1,-1,-1,-1,1238,-1,-1,-1,242,-1,246,-1,238,-1,236,-1,-1,-1,222,-1,218,-1,272,-1,228,-1,264,-1,-1,-1,260,-1,-1,-1,-1,-1,252,-1,-1,-1,246,-1,-1,-1,-1,-1,340,-1,-1,-1,1334,-1,-1,-1,-1,-1,-1,-1,0,-1,-1,-1,-1,-1,0,-1,-1,-1,-1,-1,0,-1,-1,-1,0,-1,0,-1,-1,-1,-1,-1,-1,-1,0,-1,-1,-1,-1,-1,0,-1,-1,-1,0,-1,-1,-1,0,-1,562,-1,-1,-1,-1,-1,1552,-1,-1,-1,-1,-1,560,-1,-1,-1,550,-1,0,-1,-1,-1,-1,-1,0,-1,0,-1,586,-1,0,-1,0,-1,-1,-1,0,-1
-1,285,-1,283,-1,293,294,295,-1,281,-1,259,-1,289,-1,251,250,249,-1,295,-1,245,246,247,248,249,-1,1239,-1,245,244,243,-1,245,-1,239,-1,237,-1,263,-1,221,220,219,-1,273,-1,227,-1,265,-1,311,-1,261,262,263,-1,305,-1,251,250,249,248,247,248,249,250,251,-1,341,-1,347,-1,1333,-1,0,0,0,0,0,0,0,-1,0,0,0,0,0,0,0,0,0,-1,0,-1,0,-1,0,-1,0,0,0,0,0,-1,0,-1,0,0,0,0,0,-1,0,0,0,-1,0,-1,0,-1,0,-1,563,564,565,566,567,-1,1553,-1,563,562,561,560,559,560,561,-1,551,-1,0,0,0,0,0,-1,0,-1,0,-1,587,-1,0,-1,0,0,0,0,0,-1
-1,286,-1,-1,-1,292,-1,296,-1,282,-1,-1,-1,288,-1,-1,-1,-1,-1,294,-1,-1,-1,248,-1,-1,-1,1240,-1,-1,-1,-1,-1,244,-1,-1,-1,238,-1,262,-1,-1,-1,220,-1,-1,-1,226,-1,266,-1,310,-1,-1,-1,264,-1,304,-1,-1,-1,-1,-1,-1,-1,-1,-1,-1,-1,342,-1,346,-1,1332,-1,0,-1,0,-1,-1,-1,0,-1,-1,-1,-1,-1,-1,-1,-1,-1,0,-1,-1,-1,0,-1,0,-1,0,-1,-1,-1,0,-1,0,-1,-1,-1,-1,-1,-1,-1,0,-1,0,-1,0,-1,0,-1,0,-1,-1,-1,-1,-1,568,-1,1554,-1,564,-1,-1,-1,558,-1,-1,-1,552,-1,0,-1,-1,-1,0,-1,0,-1,-1,-1,588,-1,0,-1,-1,-1,-1,-1,0,-1
-1,287,288,289,290,291,-1,297,-1,283,284,285,286,287,288,289,290,291,292,293,294,295,-1,249,-1,323,-1,1241,1242,1243,1244,1245,-1,243,242,241,240,239,-1,261,262,263,-1,221,222,223,224,225,-1,267,-1,309,308,307,-1,265,-1,303,-1,1305,1306,1307,1308,1309,310,311,-1,345,344,343,344,345,-1,1331,-1,0,-1,0,-1,0,-1,0,0,0,0,0,-1,0,0,0,-1,0,0,0,0,0,-1,0,-1,0,-1,0,-1,0,0,0,0,0,0,0,0,0,0,0,-1,0,-1,0,0,0,-1,0,0,0,0,0,-1,569,-1,1555,-1,565,-1,563,-1,557,556,555,554,553,-1,0,-1,0,-1,0,-1,593,592,591,590,589,-1,0,-1,0,0,0,-1,0,-1
-1,-1,-1,-1,-1,-1,-1,298,-1,-1,-1,-1,-1,288,-1,-1,-1,-1,-1,-1,-1,-1,-1,250,-1,322,-1,-1,-1,-1,-1,1246,-1,244,-1,-1,-1,240,-1,260,-1,264,-1,222,-1,-1,-1,226,-1,268,-1,310,-1,306,-1,266,-1,302,-1,1304,-1,-1,-1,1310,-1,-1,-1,346,-1,-1,-1,-1,-1,1330,-1,-1,-1,0,-1,0,-1,-1,-1,-1,-1,-1,-1,0,-1,0,-1,-1,-1,0,-1,-1,-1,0,-1,0,-1,0,-1,-1,-1,-1,-1,-1,-1,-1,-1,-1,-1,-1,-1,0,-1,0,-1,-1,-1,0,-1,-1,-1,0,-1,570,-1,1556,-1,-1,-1,562,-1,-1,-1,-1,-1,554,-1,-1,-1,0,-1,0,-1,-1,-1,592,-1,-1,-1,0,-1,0,-1,0,-1,-1,-1
-1,305,304,303,302,301,300,299,300,301,302,303,-1,289,290,291,-1,313,-1,315,-1,253,252,251,-1,321,322,323,324,325,-1,1247,-1,245,-1,255,-1,241,-1,259,-1,265,-1,223,224,225,-1,227,-1,269,-1,311,-1,305,-1,267,-1,1301,1302,1303,-1,321,-1,1311,1312,1313,-1,347,-1,333,332,331,330,1329,1328,1327,-1,0,0,0,0,0,0,0,-1,0,0,0,-1,0,0,0,-1,0,-1,0,0,0,-1,0,-1,0,0,0,0,0,0,0,0,0,0,0,0,0,-1,0,-1,0,-1,0,0,0,-1,0,-1,0,-1,571,-1,1557,1558,1559,560,561,562,563,564,565,-1,555,-1,0,0,0,-1,0,0,0,-1,593,594,595,-1,0,-1,0,-1,0,0,0,-1
-1,306,-1,-1,-1,-1,-1,-1,-1,-1,-1,304,-1,-1,-1,-1,-1,312,-1,314,-1,-1,-1,-1,-1,320,-1,-1,-1,-1,-1,1248,-1,-1,-1,254,-1,-1,-1,258,-1,-1,-1,-1,-1,226,-1,-1,-1,270,-1,312,-1,304,-1,-1,-1,1300,-1,-1,-1,320,-1,-1,-1,1314,-1,-1,-1,-1,-1,-1,-1,-1,-1,1326,-1,-1,-1,-1,-1,-1,-1,0,-1,0,-1,0,-1,-1,-1,0,-1,-1,-1,0,-1,0,-1,0,-1,0,-1,-1,-1,-1,-1,-1,-1,0,-1,-1,-1,-1,-1,0,-1,0,-1,-1,-1,0,-1,574,-1,0,-1,572,-1,-1,-1,1560,-1,-1,-1,-1,-1,-1,-1,556,-1,-1,-1,0,-1,-1,-1,0,-1,-1,-1,596,-1,0,-1,-1,-1,-1,-1,0,-1
-1,307,-1,317,316,315,314,313,314,315,-1,305,306,307,308,309,310,311,312,313,314,315,316,317,318,319,320,321,322,323,-1,1249,1250,1251,1252,1253,1254,1255,1256,1257,1258,1259,260,261,-1,227,-1,277,-1,271,-1,313,-1,303,302,301,300,1299,-1,321,320,319,320,321,-1,1315,1316,1317,1318,1319,1320,1321,1322,1323,1324,1325,326,327,328,329,330,331,-1,0,-1,0,-1,0,0,0,-1,0,-1,0,0,0,-1,0,-1,0,-1,0,0,0,0,0,-1,0,0,0,-1,0,0,0,0,0,-1,0,0,0,-1,0,-1,573,-1,0,-1,573,574,575,-1,1561,-1,563,562,561,560,559,558,557,-1,0,0,0,0,0,-1,0,0,0,-1,597,-1,0,0,0,0,0,-1,0,-1
-1,308,-1,318,-1,-1,-1,312,-1,-1,-1,306,-1,-1,-1,310,-1,-1,-1,-1,-1,-1,-1,318,-1,-1,-1,-1,-1,324,-1,-1,-1,252,-1,-1,-1,-1,-1,258,-1,1260,-1,-1,-1,-1,-1,276,-1,272,-1,314,-1,-1,-1,-1,-1,1298,-1,-1,-1,318,-1,322,-1,-1,-1,-1,-1,320,-1,-1,-1,324,-1,-1,-1,328,-1,-1,-1,-1,-1,0,-1,0,-1,0,-1,-1,-1,0,-1,-1,-1,-1,-1,-1,-1,0,-1,-1,-1,-1,-1,-1,-1,0,-1,-1,-1,0,-1,-1,-1,-1,-1,-1,-1,0,-1,0,-1,572,-1,-1,-1,-1,-1,-1,-1,1562,-1,-1,-1,-1,-1,-1,-1,558,-1,-1,-1,0,-1,0,-1,0,-1,-1,-1,598,-1,-1,-1,-1,-1,0,-1,0,-1
-1,309,-1,319,-1,317,-1,311,310,309,308,307,-1,325,-1,311,312,313,314,315,316,317,-1,319,-1,297,296,295,-1,325,326,327,-1,253,-1,291,290,289,-1,259,-1,1261,-1,279,278,277,276,275,-1,273,-1,315,316,317,318,319,-1,1297,1296,1295,-1,317,-1,323,324,325,326,327,-1,321,-1,343,-1,325,-1,331,330,329,-1,0,0,0,0,0,-1,0,-1,0,0,0,-1,0,-1,0,0,0,0,0,0,0,0,0,0,0,0,0,0,0,-1,0,0,0,-1,0,0,0,0,0,-1,0,-1,0,-1,571,570,569,568,1567,1566,1565,1564,1563,564,565,-1,0,0,0,-1,559,560,561,-1,0,-1,0,-1,0,-1,601,600,599,600,601,602,603,-1,0,-1,0,-1
-1,310,-1,-1,-1,316,-1,-1,-1,-1,-1,-1,-1,324,-1,-1,-1,-1,-1,316,-1,-1,-1,320,-1,-1,-1,294,-1,-1,-1,-1,-1,254,-1,-1,-1,288,-1,-1,-1,1262,-1,-1,-1,278,-1,274,-1,274,-1,-1,-1,318,-1,320,-1,-1,-1,1294,-1,316,-1,-1,-1,-1,-1,328,-1,322,-1,342,-1,-1,-1,-1,-1,330,-1,0,-1,-1,-1,-1,-1,0,-1,-1,-1,0,-1,0,-1,-1,-1,-1,-1,-1,-1,-1,-1,-1,-1,-1,-1,-1,-1,0,-1,-1,-1,0,-1,0,-1,-1,-1,0,-1,0,-1,0,-1,-1,-1,-1,-1,1568,-1,-1,-1,-1,-1,566,-1,0,-1,-1,-1,560,-1,-1,-1,0,-1,0,-1,0,-1,-1,-1,600,-1,-1,-1,-1,-1,0,-1,0,-1
-1,311,312,313,314,315,316,317,318,319,320,321,322,323,324,325,326,327,-1,317,-1,323,322,321,322,323,-1,293,294,295,-1,281,-1,255,256,257,-1,287,286,285,-1,1263,1264,1265,-1,279,-1,273,-1,275,276,277,-1,319,-1,321,322,323,-1,1293,-1,315,-1,337,336,335,-1,329,-1,323,-1,341,342,343,344,345,-1,331,-1,0,-1,0,0,0,0,0,0,0,-1,0,-1,0,-1,0,0,0,0,0,0,0,0,0,0,0,0,0,0,0,0,0,-1,0,0,0,-1,0,0,0,-1,0,-1,0,0,0,0,0,-1,1569,-1,571,570,569,568,567,-1,0,-1,563,562,561,-1,0,0,0,-1,0,-1,0,0,0,-1,601,-1,0,0,0,0,0,-1,0,-1
-1,-1,-1,-1,-1,-1,-1,-1,-1,-1,-1,-1,-1,-1,-1,-1,-1,-1,-1,318,-1,-1,-1,-1,-1,324,-1,292,-1,296,-1,280,-1,-1,-1,258,-1,-1,-1,284,-1,-1,-1,1266,-1,-1,-1,272,-1,-1,-1,-1,-1,-1,-1,322,-1,324,-1,1292,-1,314,-1,-1,-1,334,-1,330,-1,324,-1,340,-1,-1,-1,346,-1,332,-1,0,-1,0,-1,-1,-1,0,-1,-1,-1,-1,-1,0,-1,0,-1,0,-1,-1,-1,-1,-1,-1,-1,-1,-1,-1,-1,-1,-1,0,-1,-1,-1,-1,-1,-1,-1,-1,-1,0,-1,-1,-1,0,-1,-1,-1,1570,-1,-1,-1,-1,-1,-1,-1,0,-1,-1,-1,-1,-1,0,-1,0,-1,0,-1,0,-1,-1,-1,602,-1,0,-1,-1,-1,0,-1,0,-1
-1,341,340,339,338,337,336,335,334,333,332,331,330,329,330,331,332,333,-1,319,-1,329,328,327,326,325,-1,291,-1,297,-1,279,280,281,-1,259,260,261,-1,283,282,281,-1,1267,1268,1269,1270,1271,1272,1273,1274,1275,1276,1277,-1,323,-1,325,-1,1291,-1,313,-1,311,-1,333,332,331,-1,325,-1,339,-1,341,-1,347,-1,333,-1,0,0,0,-1,351,-1,0,0,0,0,0,-1,0,-1,0,-1,0,-1,0,0,0,0,0,-1,0,0,0,0,0,-1,0,0,0,0,0,0,0,0,0,0,0,-1,0,-1,0,-1,1573,1572,1571,572,573,574,575,576,577,-1,0,0,0,0,0,0,0,-1,0,-1,0,-1,0,-1,605,604,603,-1,0,-1,0,-1,0,0,0,-1
-1,-1,-1,340,-1,-1,-1,336,-1,-1,-1,-1,-1,328,-1,-1,-1,-1,-1,320,-1,330,-1,-1,-1,-1,-1,290,-1,298,-1,278,-1,282,-1,260,-1,-1,-1,284,-1,280,-1,-1,-1,270,-1,-1,-1,-1,-1,-1,-1,1278,-1,-1,-1,326,-1,1290,-1,312,-1,310,-1,-1,-1,332,-1,-1,-1,338,-1,340,-1,-1,-1,334,-1,-1,-1,0,-1,350,-1,-1,-1,0,-1,0,-1,-1,-1,0,-1,0,-1,-1,-1,-1,-1,0,-1,-1,-1,-1,-1,0,-1,-1,-1,0,-1,-1,-1,-1,-1,-1,-1,0,-1,580,-1,-1,-1,1574,-1,-1,-1,-1,-1,576,-1,-1,-1,-1,-1,0,-1,-1,-1,-1,-1,0,-1,0,-1,0,-1,-1,-1,604,-1,0,-1,0,-1,-1,-1,0,-1
-1,343,342,341,-1,415,-1,337,-1,359,358,357,-1,327,326,325,324,323,322,321,-1,331,-1,285,286,287,288,289,-1,299,-1,277,-1,283,-1,261,-1,287,286,285,-1,279,278,277,-1,271,272,273,274,275,-1,289,-1,1279,1280,1281,-1,327,-1,1289,-1,311,310,309,308,307,-1,333,334,335,336,337,-1,339,338,337,336,335,-1,345,-1,0,-1,349,350,351,-1,0,-1,0,0,0,0,0,-1,0,0,0,0,0,-1,0,0,0,0,0,0,0,0,0,-1,0,-1,0,0,0,-1,0,-1,0,580,579,578,577,576,1575,-1,0,0,0,-1,577,578,579,580,581,-1,0,0,0,0,0,-1,0,-1,0,-1,0,0,0,-1,605,-1,0,-1,0,0,0,-1,0,-1
-1,344,-1,-1,-1,414,-1,338,-1,-1,-1,356,-1,328,-1,-1,-1,-1,-1,322,-1,332,-1,284,-1,-1,-1,-1,-1,300,-1,276,-1,-1,-1,262,-1,-1,-1,-1,-1,-1,-1,276,-1,-1,-1,-1,-1,276,-1,288,-1,-1,-1,1282,-1,-1,-1,1288,-1,-1,-1,-1,-1,306,-1,-1,-1,336,-1,338,-1,-1,-1,338,-1,-1,-1,344,-1,-1,-1,348,-1,-1,-1,0,-1,-1,-1,-1,-1,-1,-1,-1,-1,-1,-1,0,-1,-1,-1,0,-1,-1,-1,-1,-1,-1,-1,0,-1,-1,-1,0,-1,0,-1,-1,-1,-1,-1,-1,-1,1576,-1,-1,-1,590,-1,-1,-1,-1,-1,-1,-1,-1,-1,-1,-1,-1,-1,-1,-1,606,-1,-1,-1,0,-1,-1,-1,0,-1,0,-1,0,-1,0,-1
-1,345,-1,415,414,413,-1,339,340,341,-1,355,-1,329,-1,359,360,361,-1,323,-1,333,-1,283,282,281,-1,303,302,301,-1,275,-1,265,264,263,264,265,266,267,268,269,-1,275,276,277,278,279,-1,277,-1,287,-1,289,-1,1283,1284,1285,1286,1287,288,289,290,291,-1,305,306,307,-1,337,-1,339,340,341,-1,339,340,341,342,343,344,345,346,347,-1,0,0,0,0,0,0,0,-1,0,0,0,0,0,-1,0,0,0,0,0,-1,0,0,0,0,0,0,0,0,0,-1,0,-1,0,0,0,0,0,0,0,-1,1577,578,579,-1,1589,1590,1591,1592,1593,1594,1595,1596,1597,1598,1599,1600,1601,1602,1603,1604,1605,1606,1607,-1,0,0,0,0,0,-1,0,-1,0,-1,0,-1
-1,-1,-1,-1,-1,412,-1,340,-1,342,-1,354,-1,-1,-1,358,-1,362,-1,324,-1,334,-1,-1,-1,280,-1,-1,-1,302,-1,274,-1,266,-1,264,-1,-1,-1,268,-1,-1,-1,274,-1,-1,-1,280,-1,-1,-1,286,-1,288,-1,-1,-1,286,-1,-1,-1,-1,-1,-1,-1,304,-1,-1,-1,338,-1,-1,-1,342,-1,-1,-1,-1,-1,344,-1,-1,-1,-1,-1,-1,-1,0,-1,-1,-1,0,-1,-1,-1,0,-1,0,-1,0,-1,-1,-1,-1,-1,-1,-1,-1,-1,0,-1,-1,-1,0,-1,0,-1,0,-1,-1,-1,-1,-1,0,-1,1578,-1,-1,-1,1588,-1,-1,-1,-1,-1,596,-1,-1,-1,600,-1,-1,-1,604,-1,-1,-1,1608,-1,0,-1,-1,-1,-1,-1,0,-1,0,-1,0,-1
-1,407,408,409,410,411,-1,341,-1,343,-1,353,354,355,356,357,-1,363,-1,325,-1,335,-1,341,-1,279,278,277,-1,303,-1,273,-1,267,-1,265,-1,415,-1,269,270,271,272,273,-1,283,282,281,282,283,284,285,286,287,288,289,-1,287,-1,297,298,299,300,301,302,303,-1,341,340,339,-1,349,-1,343,344,345,346,347,-1,345,-1,0,0,0,0,0,-1,0,-1,371,-1,0,-1,0,-1,0,-1,0,-1,0,-1,0,0,0,0,0,0,0,-1,0,-1,0,-1,0,0,0,-1,0,-1,0,0,0,-1,0,-1,1579,-1,589,588,1587,-1,0,0,0,-1,597,-1,0,-1,601,-1,0,-1,605,606,607,-1,1609,-1,0,-1,0,0,0,-1,0,-1,0,-1,0,-1
-1,406,-1,-1,-1,-1,-1,342,-1,344,-1,352,-1,-1,-1,358,-1,364,-1,-1,-1,336,-1,340,-1,-1,-1,276,-1,-1,-1,272,-1,-1,-1,266,-1,414,-1,-1,-1,-1,-1,-1,-1,-1,-1,282,-1,-1,-1,-1,-1,-1,-1,290,-1,-1,-1,296,-1,-1,-1,-1,-1,304,-1,-1,-1,-1,-1,348,-1,344,-1,-1,-1,-1,-1,346,-1,0,-1,-1,-1,0,-1,0,-1,370,-1,0,-1,0,-1,-1,-1,0,-1,-1,-1,0,-1,-1,-1,-1,-1,0,-1,0,-1,0,-1,-1,-1,-1,-1,0,-1,-1,-1,586,-1,-1,-1,1580,-1,-1,-1,1586,-1,-1,-1,0,-1,-1,-1,0,-1,602,-1,606,-1,-1,-1,608,-1,1610,-1,0,-1,0,-1,0,-1,0,-1,0,-1,0,-1
-1,405,-1,347,346,345,344,343,-1,345,-1,351,-1,373,-1,359,-1,365,366,367,-1,337,338,339,340,341,-1,275,274,273,272,271,270,269,268,267,-1,413,412,411,410,409,408,407,406,405,-1,283,-1,397,396,395,394,393,-1,291,292,293,294,295,-1,385,384,383,-1,305,306,307,308,309,-1,347,346,345,-1,359,-1,349,348,347,-1,0,-1,0,-1,0,-1,0,-1,369,-1,0,0,0,0,0,-1,0,0,0,0,0,-1,0,0,0,-1,0,0,0,-1,0,0,0,-1,0,0,0,0,0,-1,585,584,583,582,1581,1582,1583,1584,1585,586,587,-1,0,0,0,0,0,-1,603,604,605,606,607,-1,609,-1,1611,-1,0,-1,0,-1,0,-1,0,-1,0,-1,0,-1
-1,404,-1,-1,-1,346,-1,344,-1,-1,-1,350,-1,372,-1,-1,-1,-1,-1,368,-1,-1,-1,-1,-1,342,-1,276,-1,274,-1,-1,-1,270,-1,-1,-1,414,-1,-1,-1,-1,-1,-1,-1,404,-1,-1,-1,398,-1,-1,-1,392,-1,-1,-1,-1,-1,296,-1,-1,-1,382,-1,-1,-1,-1,-1,310,-1,348,-1,-1,-1,358,-1,-1,-1,348,-1,0,-1,0,-1,-1,-1,0,-1,368,-1,-1,-1,-1,-1,0,-1,-1,-1,-1,-1,0,-1,0,-1,0,-1,0,-1,-1,-1,0,-1,-1,-1,0,-1,-1,-1,0,-1,-1,-1,-1,-1,-1,-1,-1,-1,-1,-1,588,-1,-1,-1,-1,-1,0,-1,-1,-1,-1,-1,-1,-1,610,-1,1612,-1,0,-1,-1,-1,0,-1,0,-1,0,-1,0,-1
-1,403,-1,405,-1,347,-1,345,346,347,348,349,-1,371,370,369,-1,375,-1,369,370,371,372,373,-1,343,-1,277,-1,275,-1,285,-1,271,-1,289,-1,415,416,417,418,419,420,421,-1,403,402,401,400,399,-1,453,-1,391,390,389,388,387,-1,297,298,299,-1,381,380,379,-1,357,-1,311,-1,349,-1,359,358,357,358,359,-1,349,-1,0,0,0,0,0,-1,0,-1,367,368,369,370,371,-1,0,0,0,0,0,-1,0,-1,0,-1,0,-1,0,-1,0,0,0,-1,0,0,0,-1,0,-1,0,0,0,0,0,0,0,0,0,0,0,-1,589,590,591,592,593,-1,0,0,0,0,0,0,0,612,611,-1,1613,-1,0,-1,0,0,0,-1,0,-1,0,-1,0,-1
-1,402,-1,404,-1,-1,-1,346,-1,-1,-1,350,-1,372,-1,368,-1,374,-1,370,-1,-1,-1,-1,-1,344,-1,278,-1,-1,-1,284,-1,-1,-1,288,-1,416,-1,-1,-1,-1,-1,422,-1,-1,-1,402,-1,-1,-1,452,-1,-1,-1,-1,-1,386,-1,-1,-1,300,-1,-1,-1,378,-1,356,-1,-1,-1,350,-1,-1,-1,356,-1,-1,-1,350,-1,-1,-1,-1,-1,0,-1,0,-1,366,-1,370,-1,-1,-1,-1,-1,0,-1,-1,-1,-1,-1,0,-1,0,-1,-1,-1,-1,-1,0,-1,0,-1,-1,-1,0,-1,-1,-1,-1,-1,-1,-1,0,-1,-1,-1,-1,-1,590,-1,-1,-1,-1,-1,0,-1,0,-1,-1,-1,-1,-1,-1,-1,1614,-1,0,-1,-1,-1,0,-1,-1,-1,0,-1,0,-1
-1,401,402,403,-1,349,348,347,348,349,-1,351,-1,373,-1,367,-1,373,372,371,-1,369,370,371,-1,345,-1,279,280,281,282,283,284,285,286,287,-1,417,-1,399,400,401,-1,423,424,425,-1,403,404,405,-1,451,450,449,448,447,-1,385,384,383,-1,301,302,303,-1,377,-1,355,354,353,352,351,352,353,-1,355,354,353,352,351,352,353,354,355,-1,0,0,0,-1,365,-1,371,-1,0,0,0,-1,0,-1,0,0,0,0,0,-1,0,0,0,0,0,0,0,-1,0,0,0,0,0,-1,0,0,0,-1,0,-1,0,-1,0,0,0,-1,591,-1,0,0,0,0,0,-1,0,-1,0,-1,0,0,0,616,1615,-1,0,0,0,0,0,0,0,0,0,-1,0,-1
-1,400,-1,-1,-1,350,-1,-1,-1,-1,-1,352,-1,-1,-1,366,-1,-1,-1,372,-1,368,-1,-1,-1,346,-1,-1,-1,282,-1,-1,-1,-1,-1,-1,-1,418,-1,398,-1,402,-1,-1,-1,426,-1,-1,-1,406,-1,452,-1,-1,-1,446,-1,-1,-1,382,-1,302,-1,304,-1,376,-1,-1,-1,-1,-1,-1,-1,354,-1,-1,-1,354,-1,-1,-1,-1,-1,356,-1,-1,-1,-1,-1,364,-1,372,-1,0,-1,-1,-1,0,-1,-1,-1,0,-1,-1,-1,0,-1,-1,-1,-1,-1,-1,-1,0,-1,-1,-1,0,-1,-1,-1,0,-1,0,-1,0,-1,0,-1,-1,-1,592,-1,0,-1,-1,-1,0,-1,0,-1,0,-1,-1,-1,-1,-1,1616,-1,-1,-1,-1,-1,-1,-1,-1,-1,-1,-1,630,-1
-1,399,-1,353,352,351,352,353,-1,355,354,353,354,355,-1,365,364,363,-1,373,-1,367,-1,349,348,347,348,349,-1,283,-1,429,-1,423,422,421,420,419,-1,397,-1,403,404,405,-1,427,428,429,-1,407,-1,453,-1,447,446,445,444,443,-1,381,-1,303,-1,305,-1,375,376,377,378,379,380,381,-1,355,356,357,-1,355,-1,361,360,359,358,357,358,359,360,361,362,363,-1,373,-1,0,0,0,0,0,-1,0,0,0,-1,0,0,0,-1,0,0,0,0,0,0,0,-1,0,-1,0,0,0,0,0,-1,0,-1,0,0,0,-1,595,594,593,-1,0,0,0,-1,0,-1,0,-1,0,-1,0,0,0,-1,1617,1618,1619,1620,1621,1622,1623,1624,1625,1626,1627,1628,1629,-1
-1,398,-1,-1,-1,-1,-1,354,-1,-1,-1,-1,-1,356,-1,-1,-1,362,-1,-1,-1,366,-1,350,-1,-1,-1,-1,-1,284,-1,428,-1,-1,-1,422,-1,-1,-1,396,-1,-1,-1,406,-1,-1,-1,430,-1,408,-1,-1,-1,-1,-1,446,-1,442,-1,380,-1,-1,-1,-1,-1,374,-1,378,-1,-1,-1,382,-1,-1,-1,-1,-1,356,-1,-1,-1,-1,-1,358,-1,-1,-1,-1,-1,-1,-1,374,-1,-1,-1,-1,-1,0,-1,-1,-1,0,-1,-1,-1,0,-1,0,-1,-1,-1,-1,-1,0,-1,0,-1,-1,-1,-1,-1,0,-1,0,-1,-1,-1,-1,-1,-1,-1,594,-1,-1,-1,0,-1,-1,-1,0,-1,0,-1,-1,-1,0,-1,-1,-1,620,-1,-1,-1,-1,-1,-1,-1,-1,-1,1630,-1
-1,397,396,395,394,393,-1,355,356,357,358,359,-1,357,358,359,360,361,362,363,364,365,-1,351,-1,289,288,287,286,285,-1,427,426,425,424,423,-1,393,394,395,396,397,-1,407,408,409,-1,431,-1,409,410,411,-1,429,-1,447,-1,441,-1,379,378,377,376,375,374,373,-1,379,-1,369,-1,383,384,385,-1,359,358,357,358,359,360,361,-1,359,-1,381,380,379,378,377,376,375,376,377,378,379,-1,0,-1,0,-1,0,0,0,-1,0,-1,0,0,0,0,0,-1,0,-1,0,0,0,0,0,-1,0,-1,0,0,0,0,0,0,0,-1,595,596,597,-1,0,-1,605,-1,0,0,0,-1,0,0,0,0,0,-1,621,-1,0,0,0,0,0,-1,0,632,1631,-1
-1,-1,-1,-1,-1,392,-1,356,-1,-1,-1,360,-1,-1,-1,-1,-1,-1,-1,-1,-1,366,-1,-1,-1,-1,-1,-1,-1,286,-1,-1,-1,-1,-1,424,-1,392,-1,-1,-1,398,-1,-1,-1,410,-1,432,-1,410,-1,-1,-1,428,-1,448,-1,440,-1,380,-1,-1,-1,376,-1,372,-1,-1,-1,368,-1,-1,-1,-1,-1,360,-1,-1,-1,-1,-1,-1,-1,360,-1,-1,-1,380,-1,-1,-1,376,-1,-1,-1,-1,-1,0,-1,0,-1,-1,-1,-1,-1,0,-1,-1,-1,-1,-1,-1,-1,0,-1,-1,-1,0,-1,0,-1,0,-1,-1,-1,0,-1,0,-1,-1,-1,596,-1,598,-1,-1,-1,604,-1,-1,-1,0,-1,0,-1,-1,-1,0,-1,622,-1,-1,-1,-1,-1,0,-1,-1,-1,1632,-1
-1,395,396,397,-1,391,-1,357,-1,387,-1,361,-1,383,382,381,-1,371,370,369,368,367,-1,385,384,383,382,381,-1,287,288,289,290,291,-1,425,-1,391,392,393,-1,399,-1,405,-1,411,-1,433,-1,411,-1,425,426,427,-1,449,-1,439,-1,381,-1,443,-1,377,-1,371,370,369,368,367,366,365,364,363,362,361,-1,367,366,365,364,363,362,361,362,363,-1,381,-1,379,378,377,-1,0,0,0,0,0,0,0,0,0,0,0,0,0,0,0,0,0,0,0,0,0,0,0,-1,0,-1,0,-1,0,0,0,-1,0,-1,0,-1,0,-1,597,-1,599,600,601,602,603,-1,613,-1,0,-1,617,-1,0,-1,0,-1,623,624,625,626,627,-1,0,0,0,-1,1633,-1
-1,394,-1,-1,-1,390,-1,358,-1,386,-1,362,-1,-1,-1,380,-1,-1,-1,-1,-1,368,-1,-1,-1,384,-1,380,-1,-1,-1,290,-1,-1,-1,426,-1,390,-1,-1,-1,400,-1,404,-1,412,-1,434,-1,-1,-1,424,-1,428,-1,-1,-1,438,-1,382,-1,442,-1,378,-1,-1,-1,-1,-1,-1,-1,-1,-1,-1,-1,-1,-1,368,-1,-1,-1,-1,-1,-1,-1,-1,-1,382,-1,-1,-1,378,-1,-1,-1,-1,-1,0,-1,-1,-1,0,-1,-1,-1,-1,-1,-1,-1,-1,-1,-1,-1,0,-1,-1,-1,0,-1,0,-1,-1,-1,-1,-1,0,-1,-1,-1,0,-1,-1,-1,600,-1,-1,-1,604,-1,612,-1,-1,-1,616,-1,0,-1,0,-1,-1,-1,-1,-1,628,-1,0,-1,0,-1,1634,-1
-1,393,-1,391,390,389,-1,359,-1,385,-1,363,364,365,-1,379,380,381,382,383,-1,369,370,371,-1,385,-1,379,-1,381,-1,291,-1,429,428,427,-1,389,-1,403,402,401,402,403,-1,413,-1,435,-1,421,422,423,-1,429,-1,439,438,437,-1,383,-1,441,-1,379,-1,381,380,379,378,377,376,375,374,373,372,371,370,369,-1,395,396,397,-1,391,392,393,-1,383,384,385,-1,379,380,381,382,383,-1,0,-1,0,-1,0,0,0,0,0,-1,0,0,0,-1,0,-1,0,-1,0,0,0,-1,0,0,0,0,0,0,0,0,0,0,0,0,0,-1,601,-1,607,-1,605,-1,611,612,613,614,615,-1,0,-1,0,0,0,0,0,-1,629,-1,0,-1,0,-1,1635,-1
-1,392,-1,-1,-1,388,-1,-1,-1,384,-1,-1,-1,-1,-1,378,-1,-1,-1,-1,-1,370,-1,-1,-1,-1,-1,378,-1,380,-1,-1,-1,-1,-1,-1,-1,388,-1,-1,-1,402,-1,-1,-1,414,-1,-1,-1,420,-1,-1,-1,430,-1,-1,-1,436,-1,-1,-1,440,-1,-1,-1,-1,-1,380,-1,378,-1,-1,-1,-1,-1,-1,-1,-1,-1,394,-1,-1,-1,390,-1,-1,-1,384,-1,-1,-1,380,-1,-1,-1,-1,-1,0,-1,0,-1,-1,-1,-1,-1,-1,-1,0,-1,-1,-1,0,-1,-1,-1,0,-1,-1,-1,-1,-1,-1,-1,-1,-1,-1,-1,-1,-1,-1,-1,-1,-1,602,-1,606,-1,-1,-1,610,-1,-1,-1,-1,-1,0,-1,-1,-1,0,-1,-1,-1,630,-1,0,-1,-1,-1,1636,-1
-1,391,390,389,388,387,386,385,384,383,382,381,380,379,378,377,376,375,374,373,372,371,372,373,374,375,376,377,378,379,380,381,382,383,384,385,386,387,388,389,-1,403,-1,417,416,415,416,417,418,419,420,421,-1,431,432,433,434,435,436,437,438,439,440,441,442,443,-1,381,-1,379,-1,401,400,399,398,397,396,395,394,393,392,391,390,389,388,387,386,385,-1,383,382,381,-1,0,0,0,0,0,0,0,0,0,0,0,0,0,0,0,0,0,0,0,0,0,0,0,-1,0,0,0,0,0,0,0,0,0,0,0,0,607,606,605,604,603,604,605,606,607,608,609,-1,0,0,0,0,0,0,0,0,0,-1,0,632,631,-1,0,0,0,0,1637,-1
-1,-1,-1,-1,-1,-1,-1,-1,-1,-1,-1,-1,-1,-1,-1,-1,-1,-1,-1,-1,-1,-1,-1,-1,-1,-1,-1,-1,-1,-1,-1,-1,-1,-1,-1,-1,-1,-1,-1,-1,-1,-1,-1,-1,-1,-1,-1,-1,-1,-1,-1,-1,-1,-1,-1,-1,-1,-1,-1,-1,-1,-1,-1,-1,-1,-1,-1,-1,-1,-1,-1,-1,-1,-1,-1,-1,-1,-1,-1,-1,-1,-1,-1,-1,-1,-1,-1,-1,-1,-1,-1,-1,-1,-1,-1,-1,-1,-1,-1,-1,-1,-1,-1,-1,-1,-1,-1,-1,-1,-1,-1,-1,-1,-1,-1,-1,-1,-1,-1,-1,-1,-1,-1,-1,-1,-1,-1,-1,-1,-1,-1,-1,-1,-1,-1,-1,-1,-1,-1,-1,-1,-1,-1,-1,-1,-1,-1,-1,-1,-1,-1,-1,-1,-1,-1,-1,-1,-1,-1,-1,-1
